id,distribution_id,number,invoice_link,file_id,total,created_by,created_date,last_modified_by,last_modified_date,platform_id
353,36824,,,,76.64,0,2023-03-27 14:03:19.959421,0,2023-03-27 14:03:19.959421,3
364,36877,,,,726.66,0,2023-04-27 16:47:17.676215,0,2023-04-27 16:47:17.676215,4
379,36930,,,,322.96,0,2023-05-19 17:40:52.902026,0,2023-05-19 17:40:52.902026,4
386,36951,,,,76.10,0,2023-05-26 16:36:12.952988,0,2023-05-26 16:36:12.952988,3
395,36997,,,,532.70,0,2023-06-02 14:53:52.918985,0,2023-06-02 14:53:52.918985,3
403,37036,,,,1522.00,0,2023-06-16 14:50:22.962179,0,2023-06-16 14:50:22.962179,4
410,37069,,,,425.76,0,2023-07-05 17:39:15.465632,0,2023-07-05 17:39:15.465632,4
411,37067,,,,425.76,0,2023-07-05 17:39:20.429927,0,2023-07-05 17:39:20.429927,4
412,37070,,,,354.80,0,2023-07-05 17:39:25.391782,0,2023-07-05 17:39:25.391782,4
413,37068,,,,70.96,0,2023-07-05 17:39:30.353654,0,2023-07-05 17:39:30.353654,4
419,37112,,,,70.96,0,2023-07-26 17:50:10.448823,0,2023-07-26 17:50:10.448823,3
425,37152,,,,606.96,0,2023-08-24 14:30:18.28853,0,2023-08-24 14:30:18.28853,4
433,37168,,,,67.44,0,2023-09-01 10:49:53.115736,0,2023-09-01 10:49:53.115736,4
2,35289,382871,,2e79af64-1870-4b49-a47b-3ded25c270d6,970.00,1,2018-08-13 00:00:00,,,3
354,36827,,,,1992.64,0,2023-03-29 10:54:54.85934,0,2023-03-29 10:54:54.85934,3
365,36878,,,,161.48,0,2023-05-05 07:55:46.614606,0,2023-05-05 07:55:46.614606,4
380,36933,,,,152.20,0,2023-05-22 08:39:32.93631,0,2023-05-22 08:39:32.93631,3
387,36981,,,,456.60,0,2023-05-29 18:05:52.886145,0,2023-05-29 18:05:52.886145,4
388,36955,,,,380.50,0,2023-05-29 18:08:32.833912,0,2023-05-29 18:08:32.833912,4
396,37003,,,,7077.30,0,2023-06-05 16:17:33.154901,0,2023-06-05 16:17:33.154901,4
404,37045,,,,144.34,0,2023-06-22 11:26:02.920577,0,2023-06-22 11:26:02.920577,3
405,37046,,,,4041.52,0,2023-06-22 11:26:07.977123,0,2023-06-22 11:26:07.977123,3
414,37074,,,,141.92,0,2023-07-07 10:34:30.475992,0,2023-07-07 10:34:30.475992,3
420,37117,,,,2554.56,0,2023-08-03 12:23:00.430187,0,2023-08-03 12:23:00.430187,4
426,37156,,,,1348.80,0,2023-08-25 11:51:43.221584,0,2023-08-25 11:51:43.221584,4
427,37157,,,,1146.48,0,2023-08-25 11:51:53.155065,0,2023-08-25 11:51:53.155065,4
72,35712,24,,61b42683-641c-4626-8cc9-e17ffb476c44,182.49,1,2020-12-17 00:00:00,,,3
355,36830,,,,55218.81,0,2023-04-03 16:17:38.195186,0,2023-04-03 16:17:38.195186,3
366,36892,,,,1809.08,0,2023-05-05 15:46:41.412327,0,2023-05-05 15:46:41.412327,4
381,36936,,,,152.20,0,2023-05-22 15:52:32.954588,0,2023-05-22 15:52:32.954588,3
389,36983,,,,228.30,0,2023-05-30 09:22:37.878206,0,2023-05-30 09:22:37.878206,4
397,37010,,,,72.17,0,2023-06-12 12:08:47.916183,0,2023-06-12 12:08:47.916183,3
406,37055,,,,288.68,0,2023-06-27 14:07:12.879797,0,2023-06-27 14:07:12.879797,4
415,37095,,,,2270.72,0,2023-07-13 18:18:55.689511,0,2023-07-13 18:18:55.689511,4
421,37120,,,,5605.84,0,2023-08-04 11:19:00.624286,0,2023-08-04 11:19:00.624286,3
428,37158,,,,3875.52,0,2023-08-25 12:05:08.651383,0,2023-08-25 12:05:08.651383,4
142,35879,58,,a9a2e035-1cd8-4cfc-b593-be342665e234,90.15,1,2021-03-15 00:00:00,,,3
356,36851,,,,484.44,0,2023-04-11 14:49:59.797812,0,2023-04-11 14:49:59.797812,4
357,36853,,,,80.74,0,2023-04-11 14:50:34.712503,0,2023-04-11 14:50:34.712503,4
358,36854,,,,403.70,0,2023-04-11 14:51:14.760754,0,2023-04-11 14:51:14.760754,4
367,36906,,,,242.22,0,2023-05-10 13:21:42.891293,0,2023-05-10 13:21:42.891293,4
382,36940,,,,456.60,0,2023-05-22 16:51:37.886529,0,2023-05-22 16:51:37.886529,4
398,37012,,,,2299.96,0,2023-06-12 16:54:07.995902,0,2023-06-12 16:54:07.995902,4
390,36991,196,,9ac17675-b1aa-4620-825d-cf559e1f8d6c,761.00,0,2023-05-31 10:24:07.914896,0,2023-05-31 10:24:07.914896,3
407,37056,,,,72.17,0,2023-06-29 16:18:50.655678,0,2023-06-29 16:18:50.655678,3
416,37096,,,,608.80,0,2023-07-14 14:58:05.494009,0,2023-07-14 14:58:05.494009,3
422,37135,,,,134.88,0,2023-08-11 15:48:33.39454,0,2023-08-11 15:48:33.39454,4
429,37159,,,,1281.36,0,2023-08-28 10:49:28.284237,0,2023-08-28 10:49:28.284237,3
359,36850,,,,484.44,0,2023-04-11 14:54:04.771482,0,2023-04-11 14:54:04.771482,4
360,36855,,,,80.74,0,2023-04-11 14:54:44.68844,0,2023-04-11 14:54:44.68844,4
368,36908,,,,76.10,0,2023-05-10 15:27:02.93374,0,2023-05-10 15:27:02.93374,4
369,36909,,,,304.40,0,2023-05-10 15:27:12.936034,0,2023-05-10 15:27:12.936034,4
370,36910,,,,304.40,0,2023-05-10 15:27:17.886042,0,2023-05-10 15:27:17.886042,4
371,36911,,,,456.60,0,2023-05-10 15:27:27.914828,0,2023-05-10 15:27:27.914828,4
383,36941,,,,1445.90,0,2023-05-23 10:34:42.963296,0,2023-05-23 10:34:42.963296,4
391,36992,,,,913.20,0,2023-05-31 11:53:57.93095,0,2023-05-31 11:53:57.93095,4
399,37013,,,,9214.00,0,2023-06-12 16:54:13.568139,0,2023-06-12 16:54:13.568139,4
408,37058,,,,1299.06,0,2023-06-30 08:58:05.561465,0,2023-06-30 08:58:05.561465,3
417,37100,,,,1135.36,0,2023-07-19 11:09:15.499905,0,2023-07-19 11:09:15.499905,3
423,37139,,,,20933.20,0,2023-08-15 10:45:46.687934,0,2023-08-15 10:45:46.687934,4
430,37160,,,,67.44,0,2023-08-29 10:57:18.103811,0,2023-08-29 10:57:18.103811,4
361,36861,,,,645.92,0,2023-04-18 09:50:58.730645,0,2023-04-18 09:50:58.730645,4
372,36914,,,,761.00,0,2023-05-11 12:39:27.994494,0,2023-05-11 12:39:27.994494,3
384,36948,,,,2759.04,0,2023-05-26 12:13:13.153903,0,2023-05-26 12:13:13.153903,4
392,36993,,,,2815.70,0,2023-05-31 11:54:43.112071,0,2023-05-31 11:54:43.112071,4
3,35291,382874,,bda7e643-fd4a-407f-9eee-cbee78016f28,38.80,1,2018-08-14 00:00:00,,,3
4,35295,382861,,d16937b6-544a-4d3d-b874-9d298a7943d9,543.20,1,2018-08-21 00:00:00,,,3
5,35297,386986,,75e7edca-889e-4540-b9fd-2fbbb7852fd2,77.60,1,2018-08-23 00:00:00,,,3
6,35301,390197,,67a40a96-72d0-4a66-9c5f-bbb4b399f853,77.60,1,2018-09-17 00:00:00,,,3
7,35311,099999,,28d9dfa4-9e5c-11eb-a8b3-0242ac130003,155.20,1,2018-11-01 00:00:00,,,3
8,35313,099999,,28d9e062-9e5c-11eb-a8b3-0242ac130003,1629.60,1,2018-12-04 00:00:00,,,3
9,35316,099999,,28d9e12a-9e5c-11eb-a8b3-0242ac130003,38.80,1,2019-01-08 00:00:00,,,3
10,35318,393560,,d92f30ce-121e-4d63-a457-682819ff365d,77.60,1,2019-01-24 00:00:00,,,3
11,35326,099999,,28d9e2b0-9e5c-11eb-a8b3-0242ac130003,38.80,1,2019-02-14 00:00:00,,,3
12,35376,402824,,0dae2c25-6a63-47e7-8ee8-bb77607b0b9f,232.80,1,2019-06-26 00:00:00,,,3
13,35378,402839,,2756a177-e9ec-4498-a993-4fabc667a8a5,310.40,1,2019-06-28 00:00:00,,,3
14,35426,408009,,a8434cf7-7fec-4d6e-bcef-bf31ab71ca60,38.80,1,2019-08-17 00:00:00,,,3
15,35446,408010,,5930f3c0-d964-4e5f-9848-69f3501778fd,349.20,1,2019-09-15 00:00:00,,,3
16,35450,408031,,7052636b-01a2-4978-aed5-4c0764ee5d1e,426.80,1,2019-09-30 00:00:00,,,3
17,35452,409817,,b104d6e0-318e-4f9d-add8-164f47a66022,504.40,1,2019-10-19 00:00:00,,,3
18,35466,409821,,7801505b-c317-49e9-81f0-968cca3066e4,38.80,1,2019-10-22 00:00:00,,,3
20,35470,409937,,846ae819-695d-447a-9cfd-fbb16659dcfd,38.80,1,2019-10-31 00:00:00,,,3
21,35472,099999,,28d9ed14-9e5c-11eb-a8b3-0242ac130003,116.40,1,2019-10-31 00:00:00,,,3
22,35478,411559,,9e6ad5fc-a4b3-47bc-8ae7-b1983b3db15e,3375.60,1,2019-11-11 00:00:00,,,3
23,35480,411520,,e9f6f2cc-2b01-42d3-95d0-be325aedad0a,38.80,1,2019-11-11 00:00:00,,,3
24,35492,413495,,0762ce09-eaa8-43f4-9bde-b14fbd66b6e9,426.80,1,2019-12-04 00:00:00,,,3
25,35519,416768,,f41d880b-53e0-443a-8163-87ca3959ad65,659.60,1,2020-02-04 00:00:00,,,3
26,35521,416793,,4f336319-bd8c-45c9-8d52-38b347663ae9,465.60,1,2020-02-04 00:00:00,,,3
27,35525,416802,,d5120c56-77b1-42f5-993f-092bb57e6e49,38.80,1,2020-02-19 00:00:00,,,3
28,35527,416800,,dfd63869-4f14-4960-8861-5af08034ca9f,77.60,1,2020-02-20 00:00:00,,,3
29,35529,416938,,d9cc080c-72d5-4d2e-9ee6-00252d132100,38.80,1,2020-02-27 00:00:00,,,3
30,35539,418341,,ebcad2eb-6f4d-48af-a504-cacf76370ad6,38.80,1,2020-03-05 00:00:00,,,3
31,35543,418340,,98c31982-f688-42ee-8865-0d51e3a8e1b8,38.80,1,2020-03-13 00:00:00,,,3
32,35547,418345,,044b1362-54e4-4a75-8bd6-69892b5f3a41,38.80,1,2020-03-13 00:00:00,,,3
33,35549,418344,,381a96e8-5f7b-4760-9a22-8f8ba4677100,582.00,1,2020-03-17 00:00:00,,,3
34,35559,419594,,ce578ed4-acc6-4401-a743-5cf092bba1d0,194.00,1,2020-04-09 00:00:00,,,3
35,35561,419595,,a4bcb92a-7ce2-45e4-aa6d-0f4b996bfe12,232.80,1,2020-04-09 00:00:00,,,3
36,35563,419596,,3ac8c17f-bf50-43da-b429-a5b63cc160a0,232.80,1,2020-04-09 00:00:00,,,3
37,35565,419598,,2101d9dd-dfc4-4f81-ae9d-5e2ebcd2ebee,116.40,1,2020-04-09 00:00:00,,,3
38,35575,419599,,96ce18b2-e8c0-4bd5-9d15-33b0574489ef,38.80,1,2020-04-16 00:00:00,,,3
39,35577,419600,,43abb74a-f03c-4d6d-8149-43fbe459794e,504.40,1,2020-04-23 00:00:00,,,3
40,35579,421240,,006e9548-f01b-4034-9b69-885b26f779ae,55561.60,1,2020-05-26 00:00:00,,,3
41,35581,421094,,a2dc3436-c84f-423c-bef6-9a124fb8a955,38.80,1,2020-05-27 00:00:00,,,3
42,35583,421095,,4eb791fa-2ae2-40fa-a064-e5be3b7e2580,194.00,1,2020-05-27 00:00:00,,,3
43,35585,421096,,20495f40-d3e7-4cf4-986e-01569beed348,38.80,1,2020-05-29 00:00:00,,,3
44,35601,099999,,28da01aa-9e5c-11eb-a8b3-0242ac130003,232.80,1,2020-07-02 00:00:00,,,3
46,35617,423625,,d84b96a4-dd01-4a95-b0a2-654630ab8fc6,38.80,1,2020-08-02 00:00:00,,,3
47,35621,424915,,0dc901cf-8ccf-4594-b5f3-14eff510ec5c,310.40,1,2020-08-10 00:00:00,,,3
48,35631,099999,,28da061e-9e5c-11eb-a8b3-0242ac130003,116.40,1,2020-09-08 00:00:00,,,3
49,35633,2,,46d69bf3-f326-4a96-9ead-a0b64d3eabca,84.02,1,2020-09-10 00:00:00,,,3
50,35635,3,,9bdbb5a2-476f-48a9-b302-4a3623d2117b,252.06,1,2020-09-10 00:00:00,,,3
51,35637,1,,34b33c45-7543-49ba-b762-4c6b7e2e93fe,84.02,1,2020-09-17 00:00:00,,,3
52,35639,4,,a7c1dddc-da79-4522-a030-c7a3a88f1636,84.02,1,2020-09-17 00:00:00,,,3
53,35649,5,,cb5beb5a-eae6-440d-b7fb-8930e31be448,84.02,1,2020-09-23 00:00:00,,,3
54,35653,6,,7b88b7fb-f298-46fe-9f11-bad475534008,702.16,1,2020-10-07 00:00:00,,,3
55,35657,8,,5c8e1834-a0e4-49b0-8330-19da705e2a22,420.10,1,2020-10-20 00:00:00,,,3
56,35659,7,,15db3211-bcaa-4572-88d0-0986be6a726e,87.77,1,2020-10-20 00:00:00,,,3
57,35664,9,,94bee914-a789-45f1-9156-e658b26f5713,263.31,1,2020-10-29 00:00:00,,,3
58,35672,10,,7d28afbb-8985-4a26-88ed-40f23146b922,175.54,1,2020-11-04 00:00:00,,,3
59,35674,12,,c9ed801b-42df-48cf-89dc-1ac99e371530,614.39,1,2020-11-05 00:00:00,,,3
60,35676,11,,b3835beb-be95-4081-b26e-d8d1cc444ce4,87.77,1,2020-11-09 00:00:00,,,3
61,35684,13,,26426a78-d10a-43b0-8cdf-931290d87077,174.97,1,2020-11-30 00:00:00,,,3
62,35692,15,,896f3ad3-a7a1-4b79-a9e2-18fcf5db197d,87.48,1,2020-12-06 00:00:00,,,3
63,35694,26,,fba8f58a-36b4-41e5-9361-ebc365c24329,174.97,1,2020-12-09 00:00:00,,,3
64,35696,14,,1afcc19d-719b-4152-9e6f-fa100210f8c6,87.48,1,2020-12-11 00:00:00,,,3
65,35698,16,,53e09314-d6b3-4b65-86df-ffff557debd2,1459.92,1,2020-12-16 00:00:00,,,3
66,35700,17,,fd2711d2-85d5-487d-b96f-2e22565b3f9e,1459.92,1,2020-12-16 00:00:00,,,3
67,35702,18,,209ecc05-4a59-4cb1-9bba-c900e5f678e2,1459.92,1,2020-12-16 00:00:00,,,3
68,35704,21,,b058b95e-27c4-4721-b3b0-c0b6a5ed2096,1824.90,1,2020-12-16 00:00:00,,,3
69,35706,22,,c2b9c3c9-2d7f-4933-8d18-15ba2feffd94,1094.94,1,2020-12-16 00:00:00,,,3
70,35708,23,,5a9a98de-01c0-4c11-b2b0-eb8c4e756580,638.71,1,2020-12-16 00:00:00,,,3
73,35714,20,,1acd4f4f-d9cf-4a98-892b-374d1756627f,1824.90,1,2020-12-20 00:00:00,,,3
74,35716,25,,3e3182c5-22cf-4f5b-ad21-f1958ea88ced,91.24,1,2020-12-20 00:00:00,,,3
75,35718,27,,81a05238-cf7f-4cd2-9647-22d4cfc14083,273.73,1,2020-12-21 00:00:00,,,3
76,35720,30,,2230ba2d-72ff-4c6a-9606-9993d5c6b67e,456.22,1,2020-12-21 00:00:00,,,3
77,35722,29,,d70ab333-dfd2-43a9-b9c1-8cc8e25777ca,638.71,1,2020-12-21 00:00:00,,,3
78,35724,099999,,28da236a-9e5c-11eb-a8b3-0242ac130003,4562.25,1,2020-12-30 00:00:00,,,3
79,35726,099999,,28da2428-9e5c-11eb-a8b3-0242ac130003,2281.12,1,2020-12-30 00:00:00,,,3
80,35728,099999,,28da24e6-9e5c-11eb-a8b3-0242ac130003,4562.25,1,2020-12-30 00:00:00,,,3
81,35730,099999,,28da25ae-9e5c-11eb-a8b3-0242ac130003,2281.12,1,2020-12-30 00:00:00,,,3
82,35732,099999,,28da266c-9e5c-11eb-a8b3-0242ac130003,4562.25,1,2020-12-30 00:00:00,,,3
83,35734,099999,,28da272a-9e5c-11eb-a8b3-0242ac130003,4562.25,1,2020-12-30 00:00:00,,,3
84,35736,099999,,28da27e8-9e5c-11eb-a8b3-0242ac130003,4562.25,1,2020-12-30 00:00:00,,,3
85,35738,099999,,28da2a2c-9e5c-11eb-a8b3-0242ac130003,4562.25,1,2020-12-30 00:00:00,,,3
86,35740,099999,,28da2af4-9e5c-11eb-a8b3-0242ac130003,4562.25,1,2020-12-30 00:00:00,,,3
87,35742,099999,,28da2d2e-9e5c-11eb-a8b3-0242ac130003,4562.25,1,2020-12-30 00:00:00,,,3
88,35744,099999,,28da2e1e-9e5c-11eb-a8b3-0242ac130003,4562.25,1,2020-12-30 00:00:00,,,3
89,35746,099999,,28da2ee6-9e5c-11eb-a8b3-0242ac130003,4562.25,1,2020-12-30 00:00:00,,,3
90,35748,099999,,28da2fa4-9e5c-11eb-a8b3-0242ac130003,4562.25,1,2020-12-30 00:00:00,,,3
91,35750,099999,,28da3062-9e5c-11eb-a8b3-0242ac130003,4562.25,1,2020-12-30 00:00:00,,,3
92,35752,099999,,28da312a-9e5c-11eb-a8b3-0242ac130003,4562.25,1,2020-12-30 00:00:00,,,3
93,35754,099999,,28da33aa-9e5c-11eb-a8b3-0242ac130003,4562.25,1,2020-12-30 00:00:00,,,3
94,35756,099999,,28da3472-9e5c-11eb-a8b3-0242ac130003,4562.25,1,2020-12-30 00:00:00,,,3
95,35758,099999,,28da353a-9e5c-11eb-a8b3-0242ac130003,7208.35,1,2020-12-30 00:00:00,,,3
96,35760,099999,,28da35f8-9e5c-11eb-a8b3-0242ac130003,4562.25,1,2020-12-30 00:00:00,,,3
97,35762,099999,,28da36b6-9e5c-11eb-a8b3-0242ac130003,4562.25,1,2020-12-30 00:00:00,,,3
98,35764,099999,,28da377e-9e5c-11eb-a8b3-0242ac130003,4562.25,1,2020-12-30 00:00:00,,,3
99,35766,099999,,28da383c-9e5c-11eb-a8b3-0242ac130003,4562.25,1,2020-12-30 00:00:00,,,3
100,35768,099999,,28da3a6c-9e5c-11eb-a8b3-0242ac130003,4562.25,1,2020-12-30 00:00:00,,,3
101,35770,099999,,28da3b66-9e5c-11eb-a8b3-0242ac130003,4562.25,1,2020-12-30 00:00:00,,,3
102,35772,099999,,28da3c24-9e5c-11eb-a8b3-0242ac130003,4562.25,1,2020-12-30 00:00:00,,,3
103,35774,099999,,28da3ce2-9e5c-11eb-a8b3-0242ac130003,2281.12,1,2020-12-30 00:00:00,,,3
104,35776,099999,,28da3daa-9e5c-11eb-a8b3-0242ac130003,2281.12,1,2020-12-30 00:00:00,,,3
105,35778,099999,,28da3e68-9e5c-11eb-a8b3-0242ac130003,4562.25,1,2020-12-30 00:00:00,,,3
106,35780,099999,,28da3f26-9e5c-11eb-a8b3-0242ac130003,4562.25,1,2020-12-30 00:00:00,,,3
107,35782,099999,,28da3fee-9e5c-11eb-a8b3-0242ac130003,4562.25,1,2020-12-30 00:00:00,,,3
108,35784,099999,,28da4228-9e5c-11eb-a8b3-0242ac130003,4562.25,1,2020-12-30 00:00:00,,,3
109,35786,099999,,28da42f0-9e5c-11eb-a8b3-0242ac130003,4562.25,1,2020-12-30 00:00:00,,,3
110,35788,099999,,28da43a4-9e5c-11eb-a8b3-0242ac130003,4562.25,1,2020-12-30 00:00:00,,,3
111,35790,099999,,28da446c-9e5c-11eb-a8b3-0242ac130003,4562.25,1,2020-12-30 00:00:00,,,3
112,35792,099999,,28da452a-9e5c-11eb-a8b3-0242ac130003,4562.25,1,2020-12-30 00:00:00,,,3
113,35794,099999,,28da45e8-9e5c-11eb-a8b3-0242ac130003,4562.25,1,2020-12-30 00:00:00,,,3
114,35796,099999,,28da46a6-9e5c-11eb-a8b3-0242ac130003,4562.25,1,2020-12-30 00:00:00,,,3
115,35798,33,,0fa866ac-b609-4b16-a9da-24c70b008677,547.47,1,2021-01-04 00:00:00,,,3
116,35800,34,,162610f2-3462-48b0-acbb-ced8001d6997,2281.12,1,2021-01-04 00:00:00,,,3
118,35804,32,,d43f4ec9-78c0-4270-9271-917f24b3707d,91.24,1,2021-01-05 00:00:00,,,3
119,35806,31,,9678cbcf-4483-446a-ae49-6cbe95edd4cc,91.24,1,2021-01-05 00:00:00,,,3
120,35808,38,,f634f6ea-d032-4775-ba5e-f3c90dd6931c,179.49,1,2021-01-12 00:00:00,,,3
121,35810,39,,c2bd4e5b-c7db-434c-b2c3-590e06fbfe02,89.74,1,2021-01-12 00:00:00,,,3
122,35828,37,,e6c17020-c6e0-4e6d-8871-03ca9bb0e75a,91.24,1,2021-01-20 00:00:00,,,3
123,35830,42,,8548db0b-6a09-470d-aab3-d37617ee32db,1705.15,1,2021-01-22 00:00:00,,,3
124,35832,43,,0c9768b0-b6d3-4a96-ad01-fae76fd4df8b,1256.43,1,2021-01-27 00:00:00,,,3
125,35835,41,,488f8b30-d62c-4ba0-bd2e-1ccaaf1eaada,358.98,1,2021-01-28 00:00:00,,,3
126,35837,36,,0fc85e11-4ea5-44ef-8282-bae838510e05,91.24,1,2021-01-28 00:00:00,,,3
127,35839,40,,5a8fa411-fc00-4d85-884d-4a563847697b,89.74,1,2021-01-28 00:00:00,,,3
128,35841,44,,556cc7fc-7fb7-46f5-9cfd-25a78a2b07cb,628.21,1,2021-02-02 00:00:00,,,3
129,35843,45,,004b5489-228d-403b-bc61-e4a585f1a73b,89.74,1,2021-02-02 00:00:00,,,3
130,35845,46,,49ad1114-f330-44b8-91a5-87d6fefeea1b,89.74,1,2021-02-02 00:00:00,,,3
131,35847,47,,cc999fc5-519d-4c98-b31a-7894a8551c59,89.74,1,2021-02-07 00:00:00,,,3
132,35849,48,,9111e42b-b33f-4be7-81f4-6d0084e04b7f,89.75,1,2021-02-08 00:00:00,,,3
133,35851,49,,c1eb726d-be3e-4ee5-bf33-b1ecb2673509,89.75,1,2021-02-12 00:00:00,,,3
134,35853,83,,8158fded-8b32-4b70-96dd-9cd27f3b7be4,1077.06,1,2021-02-12 00:00:00,,,3
362,36866,,,,2988.96,0,2023-04-19 10:54:18.659029,0,2023-04-19 10:54:18.659029,4
135,35857,53,,ff0d5f4e-19a3-4c5c-a489-8d108c443a57,897.55,1,2021-02-18 00:00:00,,,3
136,35859,50,,87e72309-14a6-472e-818f-1f7030f8d60b,179.51,1,2021-02-18 00:00:00,,,3
137,35861,51,,985b7817-7a04-45c5-b22e-7abe9df5d725,179.51,1,2021-02-19 00:00:00,,,3
138,35865,52,,714b7479-ccbc-46ab-bcf0-45a7e233943a,179.51,1,2021-02-19 00:00:00,,,3
139,35873,55,,9328c78a-ce5e-473c-b395-176716bf9d76,89.75,1,2021-02-24 00:00:00,,,3
140,35875,56,,fd71bce8-1be5-4465-b500-bb4377f9fe48,359.02,1,2021-02-24 00:00:00,,,3
143,35889,59,,918dc7d6-3ef2-4411-8ba5-d6dc9c426150,90.15,1,2021-03-23 00:00:00,,,3
144,35897,60,,a00a9d23-cccd-45b4-ad09-c244134dc74d,90.15,1,2021-03-30 00:00:00,,,3
145,35901,61,,acdada00-289e-4822-b1ee-6d84cd029b36,90.61,1,2021-04-07 00:00:00,,,3
146,35905,62,,c0614fe0-5ba4-4100-abaf-a26b49215c69,90.61,1,2021-04-16 00:00:00,,,3
147,35918,69,,1d125bf4-411c-443d-8cb5-ce2e8a081ad2,1449.84,1,2021-05-05 00:00:00,,,3
148,35920,63,,02d5d6de-d518-4760-9670-7b5a1606d3b6,183.40,1,2021-05-07 00:00:00,,,3
149,35922,65,,03a9253b-eba3-4771-86b9-059f225d2b42,641.90,1,2021-05-11 00:00:00,,,3
150,35924,66,,cebd2f5e-8d82-4c4c-8a1b-e3e657e00996,1008.70,1,2021-05-11 00:00:00,,,3
151,35929,67,,264e82ce-6a69-4ce6-bf2b-62636e46f3dc,1192.10,1,2021-05-19 00:00:00,,,3
152,35937,68,,4ee38e98-1b77-4ea4-accb-d08c37a342c4,6694.10,1,2021-05-28 00:00:00,,,3
153,35939,64,,5594887b-542d-47a2-80aa-97310a898034,91.70,1,2021-05-28 00:00:00,,,3
155,35943,73,,1e56f7ab-5908-41cb-b58c-1dc63b02acf8,458.50,1,2021-06-07 00:00:00,,,3
156,35945,70,,16eacc40-1978-4bd1-983b-5a59ef351a4a,1908.06,1,2021-06-15 00:00:00,,,3
157,35947,74,,17098ea4-a19c-4f52-b15f-bf1e0e46a6e9,90.86,1,2021-06-15 00:00:00,,,3
158,35951,75,,3a9ab312-28e9-466f-afbe-b047a7cf8168,90.86,1,2021-06-21 00:00:00,,,3
159,35955,76,,838c5632-5137-4bec-b90b-04baf4bc28be,90.86,1,2021-06-25 00:00:00,,,3
160,35965,71,,4a7bc9d6-5f98-48a4-9cba-a387b5fdc027,130111.52,1,2021-06-28 00:00:00,,,3
161,35967,77,,69dda95b-62db-45ce-a93d-f391ef7ee4d5,90.86,1,2021-06-28 00:00:00,,,3
162,35973,81,,1f1ba872-0d66-4648-a561-fc4ebad28295,90.86,1,2021-07-14 00:00:00,,,3
163,35975,78,,e63c8e02-1616-483e-9a45-bec3f95dcfe2,1487.75,1,2021-07-14 00:00:00,,,3
164,35977,79,,0566ca2e-4b23-447b-856c-bcf6db705853,1050.18,1,2021-07-20 00:00:00,,,3
165,35979,82,,d8ea5e6a-391a-4d72-898e-d1426ae227b9,87.51,1,2021-07-26 00:00:00,,,3
166,35981,80,,fe3fcb04-670c-492c-befd-c6bd4c5a0a91,1050.18,1,2021-07-26 00:00:00,,,3
167,35983,83,,183f4a83-76aa-4ff9-91e6-d3ba27a287c6,87.51,1,2021-07-29 00:00:00,,,3
168,35985,90,,138be6dd-b989-419d-a4b4-376ca8a0f592,5513.44,1,2021-08-02 00:00:00,,,3
169,35987,86,,4b3eef83-8bd1-46c5-a18c-32f8ebda6f9d,875.15,1,2021-08-03 00:00:00,,,3
170,35989,85,,29787733-da07-4d29-b15c-02ba4a7c8e67,1225.21,1,2021-08-04 00:00:00,,,3
171,35991,88,,eb8d2280-b5fe-4417-ac14-dce74ecb4251,175.03,1,2021-08-04 00:00:00,,,3
172,35993,87,,8674b50f-dacd-4c1c-8c99-e94b5c0bccd3,3413.08,1,2021-08-04 00:00:00,,,3
173,36001,84,,98ae65eb-608a-418f-86b1-611df47ebd30,962.66,1,2021-08-17 00:00:00,,,3
174,36003,89,,e980733a-5f60-4a42-8695-7673accfbdda,87.15,1,2021-08-17 00:00:00,,,3
175,36005,90,,4488526f-0b0e-4fec-9979-5f8559a0471f,87.15,1,2021-08-30 00:00:00,,,3
176,36007,91,,ac439e28-7a47-4f91-baf4-c0c3d0fc72d8,87.15,1,2021-08-30 00:00:00,,,3
177,36009,92,,3c3b235b-ef41-4a1c-8068-4f01678d7bd5,87.15,1,2021-08-30 00:00:00,,,3
178,36011,93,,f210177f-f08c-44b2-b475-9f2aa3fabbaa,87.15,1,2021-08-30 00:00:00,,,3
179,36013,94,,50c40f21-d602-47c1-aa0f-3db670cf9f1a,87.15,1,2021-08-30 00:00:00,,,3
181,36021,95,,aa30d6ae-e757-42c9-ba4a-a670ddefde8f,87.15,1,2021-08-31 00:00:00,,,3
182,36023,99,,ba0524d0-0668-4b2e-a0b8-fe2f771640a1,87.15,1,2021-09-06 00:00:00,,,3
183,36025,099999,,28da8832-9e5c-11eb-a8b3-0242ac130003,9862.72,1,2021-09-17 00:00:00,,,3
184,36027,100,,f65831df-e5a3-4ce3-b70c-1d15d518db08,88.06,1,2021-09-22 00:00:00,,,3
185,36029,101,,9db43c73-48c1-409f-a782-da5af709c1d3,88.06,1,2021-09-22 00:00:00,,,3
186,36033,102,,842dcdc5-7f2a-498b-9fbd-f25ce45679a9,88.06,1,2021-09-28 00:00:00,,,3
187,36039,099999,,28da8b16-9e5c-11eb-a8b3-0242ac130003,880.60,1,2021-09-29 00:00:00,,,3
188,36043,111,,7173cb14-1c51-4574-afba-099117841880,1585.08,1,2021-10-07 00:00:00,,,3
189,36045,112,,4d2d9c07-4ac4-43f3-99b5-26017140caa7,880.60,1,2021-10-07 00:00:00,,,3
190,36047,108,,fa4a407d-d1ce-4784-9148-3d074947c6f9,440.30,1,2021-10-07 00:00:00,,,3
201,36070,116,,22a62911-a202-49c9-a471-53fc2e2b63cc,1925.22,0,2021-11-03 07:57:42.620177,0,2021-11-03 07:57:42.620177,3
202,36071,118,,0936d702-282a-465e-b686-f65f8a6c4032,2279.03,0,2021-11-16 10:24:27.028171,0,2021-11-16 10:24:27.028171,3
191,36056,104,,b17da319-518a-45ff-8742-85d706bfcbd8,175.02,0,2021-10-13 19:18:35.206173,0,2021-10-13 19:18:35.206173,3
192,36057,103,,8e4005a7-4de1-494a-ad12-ffced3f5e181,87.51,0,2021-10-13 19:18:40.148703,0,2021-10-13 19:18:40.148703,3
193,36060,109,,dcdff45f-0fbc-43d8-96a8-e5ea99c750c6,612.57,0,2021-10-26 09:27:47.118255,0,2021-10-26 09:27:47.118255,3
194,36061,110,,d7e82ef1-6880-4e5d-b525-8e1c3d195807,262.53,0,2021-10-26 09:27:56.945409,0,2021-10-26 09:27:56.945409,3
195,36062,106,,b4e753b0-6168-4285-a188-30bff02d7f9a,437.55,0,2021-10-26 09:28:26.922698,0,2021-10-26 09:28:26.922698,3
196,36063,115,,97e11d94-a9f0-420b-94a7-251523b1cc1f,700.08,0,2021-10-26 09:28:41.902961,0,2021-10-26 09:28:41.902961,3
197,36064,113,,2c823140-cc97-4ef8-a798-3f12953d4296,787.59,0,2021-10-26 09:30:56.900515,0,2021-10-26 09:30:56.900515,3
198,36065,107,,f9d598b7-a39f-41f3-b959-c7fffaf868ec,612.57,0,2021-10-26 09:31:01.898264,0,2021-10-26 09:31:01.898264,3
199,36066,114,,fdcaae96-c066-487c-acd6-b2ce2b644538,2012.73,0,2021-10-26 09:31:11.898467,0,2021-10-26 09:31:11.898467,3
200,36068,105,,ea057044-7f9d-4eb2-ab56-6eec6d767519,175.02,0,2021-10-26 09:31:26.888401,0,2021-10-26 09:31:26.888401,3
203,36077,119,,41451d68-2a91-40ff-98c9-e0a18c411402,876.55,0,2021-11-24 15:43:10.976403,0,2021-11-24 15:43:10.976403,3
204,36079,117,,27f123b5-830a-4559-ae95-d31f6e903f53,1665.45,0,2021-11-30 07:33:05.8217,0,2021-11-30 07:33:05.8217,3
1,35287,382865,,372650a6-ccd1-4b7d-b13f-de3627753ecb,814.80,1,2018-08-10 00:00:00,,,3
19,35468,409936,,1bcc67c4-365f-4ae1-a55a-a1467ae03ab6,38.80,1,2019-10-31 00:00:00,,,3
45,35603,423519,,593103d8-ee48-430e-9d81-508f8089038c,77.60,1,2020-07-07 00:00:00,,,3
71,35710,19,,d4677f48-d2d1-4b5a-a777-26958978d39c,1003.69,1,2020-12-17 00:00:00,,,3
117,35802,35,,7de73142-27e7-4237-8e0c-cd24ebe0c66c,456.22,1,2021-01-04 00:00:00,,,3
141,35877,57,,67a0faf5-f67b-4e76-8935-ec89520dc727,89.75,1,2021-03-15 00:00:00,,,3
225,36170,,,,927.75,0,2022-02-22 16:08:04.806771,0,2022-02-22 16:08:04.806771,4
154,35941,72,,9b81579c-7fb1-41be-8ed3-894b5aa84b82,3392.90,1,2021-06-02 00:00:00,,,3
180,36015,96,,fcefd0c3-5b9f-4c30-a2d9-79a33f41d10b,610.08,1,2021-08-31 00:00:00,,,3
205,36103,127,,a6352897-cde3-417c-bd29-67d422fbcb63,184.28,0,2021-12-06 08:35:15.816427,0,2021-12-06 08:35:15.816427,3
206,36104,126,,e6321c11-f652-4448-87bb-6057e197422c,2395.64,0,2021-12-07 10:04:36.144017,0,2021-12-07 10:04:36.144017,3
207,36107,125,,45653605-d2e0-4c10-b5f0-99c5bc949626,92.14,0,2021-12-13 10:09:00.789372,0,2021-12-13 10:09:00.789372,3
208,36109,124,,4863286f-70d4-4a0b-b975-e57063abcdf0,92.14,0,2021-12-15 09:29:10.780252,0,2021-12-15 09:29:10.780252,3
209,36110,123,,ef1b270e-3dac-49d6-9033-62b5a8f76308,460.70,0,2021-12-17 10:05:28.005757,0,2021-12-17 10:05:28.005757,3
210,36111,122,,4cd90947-b09a-4eeb-933f-8e85b87b73eb,92.14,0,2021-12-17 12:39:42.552744,0,2021-12-17 12:39:42.552744,3
211,36112,121,,77681516-5801-4c32-a9b6-87cc5d1cb201,92.14,0,2021-12-21 11:13:52.517682,0,2021-12-21 11:13:52.517682,3
212,36117,120,,d3071209-e17e-4476-a7e7-d57b595f73c8,10872.52,0,2021-12-21 14:47:12.484178,0,2021-12-21 14:47:12.484178,3
213,36119,,,,99511.20,0,2021-12-29 18:23:59.575509,0,2021-12-29 18:23:59.575509,4
214,36120,128,,37d66355-c77e-4ef6-8652-e960dbdb73a9,368.56,0,2022-01-03 13:44:04.504586,0,2022-01-03 13:44:04.504586,3
226,36171,136,,64c3e3f1-89f7-4b29-942a-fea31e676cb8,556.65,0,2022-02-23 15:50:39.836464,0,2022-02-23 15:50:39.836464,3
262,36362,160,,bcf77d47-1e46-486d-9528-a30dd6632c1a,150.74,0,2022-07-13 10:22:41.38482,0,2022-07-13 10:22:41.38482,3
234,36204,147,,ac8b53a3-4064-442c-9f17-5c953e8d5ea9,619.61,0,2022-04-07 17:14:39.823208,0,2022-04-07 17:14:39.823208,3
235,36205,144,,68676137-89c4-43f0-bff6-0ebf679afe43,353.84,0,2022-04-11 10:53:49.8265,0,2022-04-11 10:53:49.8265,3
236,36207,,,,88.52,0,2022-04-11 13:47:29.782681,0,2022-04-11 13:47:29.782681,4
237,36216,148,,cb80ffe9-f642-4db6-acf9-e63a6520ff31,88.52,0,2022-04-12 09:14:11.965259,0,2022-04-12 09:14:11.965259,3
215,36130,129,,65134b93-0121-4b2f-b926-6997bf9f3383,460.70,0,2022-01-13 09:31:37.560516,0,2022-01-13 09:31:37.560516,3
216,36131,130,,1e2ea840-d8c5-4c1f-975c-ccc0ea3483ac,92.14,0,2022-01-17 08:24:37.496021,0,2022-01-17 08:24:37.496021,3
217,36134,131,,491008b5-2f3a-43b2-98ad-0e1670c9130e,279.78,0,2022-01-25 09:39:34.578072,0,2022-01-25 09:39:34.578072,3
218,36135,,,,829.26,0,2022-01-25 10:41:39.537654,0,2022-01-25 10:41:39.537654,4
219,36138,,,,65989.80,0,2022-01-26 11:31:08.762345,0,2022-01-26 11:31:08.762345,4
220,36143,,,,186.52,0,2022-02-04 09:13:34.896954,0,2022-02-04 09:13:34.896954,4
221,36144,133,,b9b07a59-c96a-4d91-9805-5fb677b951ed,92.78,0,2022-02-07 15:40:44.819943,0,2022-02-07 15:40:44.819943,3
222,36145,132,,e59ca59a-b3fb-4bad-9eec-3a66dac5c4fc,185.55,0,2022-02-08 08:35:09.835667,0,2022-02-08 08:35:09.835667,3
227,36188,140,,ea0d69f7-8957-45a3-bf4e-6a02e99b0337,88.46,0,2022-03-28 12:08:15.139115,0,2022-03-28 12:08:15.139115,3
228,36189,141,,2922d17c-073b-4b18-b0f4-30485d6ea238,530.76,0,2022-03-29 08:30:24.967114,0,2022-03-29 08:30:24.967114,3
229,36190,142,,a06c23c3-57ce-40a9-a0b1-0e6308075c2b,88.46,0,2022-03-29 08:30:35.095153,0,2022-03-29 08:30:35.095153,3
230,36195,139,,32795193-41a9-4470-a716-e0c409f0a394,87.66,0,2022-03-29 17:50:39.952128,0,2022-03-29 17:50:39.952128,3
231,36196,143,,e59d2461-7316-45ab-8f96-84f24116c58a,88.46,0,2022-03-30 08:39:09.995088,0,2022-03-30 08:39:09.995088,3
232,36198,137,,f2469195-821c-4c95-89b6-9affa144bb4c,27653.16,0,2022-03-31 11:00:49.999827,0,2022-03-31 11:00:49.999827,3
233,36199,,,,371.10,0,2022-03-31 13:47:09.887795,0,2022-03-31 13:47:09.887795,4
238,36217,145,,0228d2fa-d5ad-430d-bf97-4b4896d5bc44,88.46,0,2022-04-12 09:14:21.664844,0,2022-04-12 09:14:21.664844,3
223,36161,134,,c49d82cb-8304-42a8-a0f2-bfdf9c39bad8,93.26,0,2022-02-15 15:22:54.837312,0,2022-02-15 15:22:54.837312,3
224,36164,135,,a56e7e0d-2034-4f9c-aa09-7c61901a2561,368.56,0,2022-02-18 13:15:34.874443,0,2022-02-18 13:15:34.874443,3
239,36239,,,,2476.88,0,2022-04-19 08:33:23.399755,0,2022-04-19 08:33:23.399755,4
240,36248,146,,d8f4eabc-68be-4911-a693-b68d27415c12,442.30,0,2022-04-26 09:53:18.27138,0,2022-04-26 09:53:18.27138,3
241,36256,149,,bf0441c8-cbef-42d4-8e16-e33e9eb192ab,708.12,0,2022-05-02 13:57:48.286239,0,2022-05-02 13:57:48.286239,3
242,36259,,,,2299.96,0,2022-05-02 16:00:23.284827,0,2022-05-02 16:00:23.284827,4
243,36260,,,,9214.00,0,2022-05-02 16:00:33.855127,0,2022-05-02 16:00:33.855127,4
246,36289,,,,878.13,0,2022-05-19 10:00:14.725655,0,2022-05-19 10:00:14.725655,4
244,36263,,,,41511.60,0,2022-05-04 14:33:04.715653,0,2022-05-04 14:33:04.715653,4
245,36265,,,,23564.85,0,2022-05-04 15:32:39.339446,0,2022-05-04 15:32:39.339446,4
247,36290,151,,c4dc1e46-f4ea-4e70-a904-cbd8b88e93d1,79.83,0,2022-05-20 08:49:44.450514,0,2022-05-20 08:49:44.450514,3
248,36291,150,,c9637aa2-75eb-439b-82ab-3f915af99df6,79.83,0,2022-05-23 15:48:09.457566,0,2022-05-23 15:48:09.457566,3
249,36292,152,,776fdfd9-9516-4ee8-8e49-b35721f7cdf6,79.83,0,2022-05-27 08:45:54.416569,0,2022-05-27 08:45:54.416569,3
250,36299,153,,b5e65076-ef03-4ce8-aa9f-eda941eac88a,1516.77,0,2022-06-07 08:56:04.785794,0,2022-06-07 08:56:04.785794,3
251,36300,154,,a03c367f-4aef-4c94-ba68-816c290d8a11,159.66,0,2022-06-07 08:56:14.394695,0,2022-06-07 08:56:14.394695,3
252,36309,155,,555c217b-e69b-4940-9a00-ff73fa52c48e,72.80,0,2022-06-08 15:50:14.326138,0,2022-06-08 15:50:14.326138,3
253,36326,,,,72.80,0,2022-06-21 08:46:21.366575,0,2022-06-21 08:46:21.366575,4
254,36327,,,,72.80,0,2022-06-21 08:46:31.302211,0,2022-06-21 08:46:31.302211,4
255,36328,,,,79.83,0,2022-06-21 08:46:41.332898,0,2022-06-21 08:46:41.332898,4
256,36332,,,,1915.92,0,2022-06-27 16:04:21.481408,0,2022-06-27 16:04:21.481408,4
257,36334,156,,885fef0e-99b7-4105-afce-e624bcc74510,655.16,0,2022-06-30 14:32:41.399406,0,2022-06-30 14:32:41.399406,3
258,36335,162,,4b702bde-bb67-418b-b439-2afe6e1cd3ea,72.80,0,2022-07-01 09:02:16.405207,0,2022-07-01 09:02:16.405207,3
259,36336,161,,09ee9d9d-c806-419e-a1f1-365950d347c3,873.54,0,2022-07-01 14:42:26.420239,0,2022-07-01 14:42:26.420239,3
260,36342,,,,399.15,0,2022-07-04 14:27:56.321187,0,2022-07-04 14:27:56.321187,4
263,36398,,,,239010.00,0,2022-07-15 15:26:04.399706,0,2022-07-15 15:26:04.399706,4
261,36353,159,,1ae3f2de-a98e-4d3b-b856-8da0b14cf6fc,75.37,0,2022-07-11 14:35:41.395716,0,2022-07-11 14:35:41.395716,3
264,36399,,,,7497.89,0,2022-07-15 15:27:01.662803,0,2022-07-15 15:27:01.662803,4
265,36401,,,,406.98,0,2022-07-18 11:57:41.290249,0,2022-07-18 11:57:41.290249,4
267,36406,158,,d0c47f83-cb18-489f-97ca-5ba787fcc8e3,137700.99,0,2022-07-21 17:37:06.495523,0,2022-07-21 17:37:06.495523,3
268,36408,,,,1808.88,0,2022-07-26 17:15:41.402161,0,2022-07-26 17:15:41.402161,4
269,36410,,,,75.37,0,2022-07-27 08:49:01.280579,0,2022-07-27 08:49:01.280579,4
347,36801,,,,431.46,0,2023-03-16 12:02:49.893943,0,2023-03-16 12:02:49.893943,4
348,36802,,,,575.28,0,2023-03-16 12:02:54.894716,0,2023-03-16 12:02:54.894716,4
266,36402,157,,f3a11ebd-1abe-4eeb-9e0b-ac1e5f30a13a,150.74,0,2022-07-20 14:43:01.35594,0,2022-07-20 14:43:01.35594,3
270,36412,202200000000165,,2ab4dc35-3d66-48ad-8fb0-bec50d34f076,72.19,0,2022-08-04 10:36:41.37534,0,2022-08-04 10:36:41.37534,3
271,36427,,,,577.48,0,2022-08-09 15:30:51.312718,0,2022-08-09 15:30:51.312718,4
272,36447,,,,72.19,0,2022-08-15 09:35:26.281023,0,2022-08-15 09:35:26.281023,4
273,36451,,,,288.74,0,2022-08-17 16:59:26.273531,0,2022-08-17 16:59:26.273531,4
274,36454,,,,72.19,0,2022-08-19 08:27:11.27985,0,2022-08-19 08:27:11.27985,4
275,36455,202200000000164,,979b6fb2-8d5f-4ee7-b856-b64441161be3,144.37,0,2022-08-19 08:31:26.386156,0,2022-08-19 08:31:26.386156,3
276,36457,,,,433.11,0,2022-08-19 16:11:46.305993,0,2022-08-19 16:11:46.305993,4
277,36461,,,,144.37,0,2022-08-24 09:23:11.271933,0,2022-08-24 09:23:11.271933,4
278,36462,,,,144.37,0,2022-08-24 09:24:01.280308,0,2022-08-24 09:24:01.280308,4
279,36464,202200000000163,,c447efc4-67aa-48cc-ba89-9aa9185744bf,216.56,0,2022-08-29 08:29:56.347209,0,2022-08-29 08:29:56.347209,3
280,36466,,,,144.37,0,2022-08-29 10:46:06.279569,0,2022-08-29 10:46:06.279569,4
327,36743,,,,459.24,0,2023-02-06 08:53:10.601813,0,2023-02-06 08:53:10.601813,4
328,36744,,,,382.70,0,2023-02-06 08:53:30.323724,0,2023-02-06 08:53:30.323724,4
329,36745,,,,229.62,0,2023-02-06 08:53:40.291446,0,2023-02-06 08:53:40.291446,4
330,36746,,,,76.54,0,2023-02-06 08:53:45.263775,0,2023-02-06 08:53:45.263775,4
331,36758,,,,229.62,0,2023-02-14 08:53:11.03058,0,2023-02-14 08:53:11.03058,4
332,36760,,,,76.54,0,2023-02-16 08:42:33.003081,0,2023-02-16 08:42:33.003081,3
281,36506,,,,288.00,0,2022-09-27 11:16:33.586456,0,2022-09-27 11:16:33.586456,3
282,36507,,,,288.00,0,2022-09-27 17:01:03.199032,0,2022-09-27 17:01:03.199032,3
283,36510,,,,792.00,0,2022-10-03 09:24:36.488001,0,2022-10-03 09:24:36.488001,3
284,36511,,,,1368.00,0,2022-10-03 09:25:41.472533,0,2022-10-03 09:25:41.472533,3
285,36512,,,,2880.00,0,2022-10-03 09:32:31.451499,0,2022-10-03 09:32:31.451499,3
286,36531,,,,576.00,0,2022-10-18 16:17:38.169864,0,2022-10-18 16:17:38.169864,4
287,36547,,,,17604.14,0,2022-10-20 17:33:12.743759,0,2022-10-20 17:33:12.743759,4
288,36548,,,,72.45,0,2022-10-21 12:03:41.923044,0,2022-10-21 12:03:41.923044,3
289,36571,,,,672205.50,0,2022-10-26 16:23:24.569917,0,2022-10-26 16:23:24.569917,4
290,36574,,,,2825.36,0,2022-10-27 17:49:49.177818,0,2022-10-27 17:49:49.177818,4
291,36575,,,,507.12,0,2022-10-28 08:23:01.362776,0,2022-10-28 08:23:01.362776,3
292,36576,,,,434.67,0,2022-10-28 08:23:05.964225,0,2022-10-28 08:23:05.964225,3
293,36577,,,,941.79,0,2022-10-28 08:23:15.922173,0,2022-10-28 08:23:15.922173,3
294,36578,,,,941.79,0,2022-10-28 08:23:20.890447,0,2022-10-28 08:23:20.890447,3
295,36580,,,,217.34,0,2022-10-31 15:12:51.647476,0,2022-10-31 15:12:51.647476,4
296,36581,,,,3008.06,0,2022-10-31 15:13:01.883071,0,2022-10-31 15:13:01.883071,4
297,36597,,,,140.27,0,2022-11-04 16:35:19.463392,0,2022-11-04 16:35:19.463392,4
298,36599,,,,280.54,0,2022-11-08 08:52:39.530402,0,2022-11-08 08:52:39.530402,3
299,36600,,,,420.81,0,2022-11-08 08:52:44.517672,0,2022-11-08 08:52:44.517672,3
300,36601,,,,1122.16,0,2022-11-08 08:52:49.489229,0,2022-11-08 08:52:49.489229,3
301,36602,,,,1122.16,0,2022-11-08 08:52:54.492455,0,2022-11-08 08:52:54.492455,3
302,36603,,,,3296.35,0,2022-11-08 08:52:59.51755,0,2022-11-08 08:52:59.51755,3
303,36624,,,,1543.08,0,2022-11-16 08:30:59.434744,0,2022-11-16 08:30:59.434744,3
304,36625,,,,5544.00,0,2022-11-16 09:37:59.170459,0,2022-11-16 09:37:59.170459,3
305,36637,,,,561.12,0,2022-11-21 08:19:09.01227,0,2022-11-21 08:19:09.01227,4
306,36638,,,,631.26,0,2022-11-21 08:19:13.955629,0,2022-11-21 08:19:13.955629,4
307,36639,,,,350.70,0,2022-11-21 08:19:23.915655,0,2022-11-21 08:19:23.915655,4
308,36640,,,,70.14,0,2022-11-21 08:19:33.870041,0,2022-11-21 08:19:33.870041,4
309,36641,,,,1332.66,0,2022-11-25 16:39:44.98056,0,2022-11-25 16:39:44.98056,3
310,36642,,,,701.40,0,2022-12-06 16:47:19.636437,0,2022-12-06 16:47:19.636437,3
311,36644,,,,561.12,0,2022-12-07 16:34:24.681565,0,2022-12-07 16:34:24.681565,4
312,36645,,,,715.10,0,2022-12-07 16:57:24.641822,0,2022-12-07 16:57:24.641822,4
313,36670,,,,0.00,0,2022-12-14 15:08:17.276123,0,2022-12-14 15:08:17.276123,4
314,36672,,,,323797.28,0,2022-12-23 14:08:20.249311,0,2022-12-23 14:08:20.249311,4
315,36683,,,,11584.62,0,2022-12-23 19:12:31.250249,0,2022-12-23 19:12:31.250249,4
316,36686,,,,214.53,0,2023-01-02 09:36:40.049373,0,2023-01-02 09:36:40.049373,3
317,36699,,,,0.00,0,2023-01-06 16:03:29.140003,0,2023-01-06 16:03:29.140003,4
318,36716,,,,1294.38,0,2023-01-12 08:51:45.035446,0,2023-01-12 08:51:45.035446,3
319,36718,,,,786.61,0,2023-01-18 17:18:37.199806,0,2023-01-18 17:18:37.199806,3
320,36720,,,,71.91,0,2023-01-23 17:38:12.263696,0,2023-01-23 17:38:12.263696,4
321,36727,,,,647.19,0,2023-01-23 17:38:22.269785,0,2023-01-23 17:38:22.269785,4
322,36728,,,,1078.65,0,2023-01-23 17:38:32.322696,0,2023-01-23 17:38:32.322696,4
323,36729,,,,647.19,0,2023-01-23 17:38:42.312328,0,2023-01-23 17:38:42.312328,4
324,36730,,,,934.83,0,2023-01-30 09:08:18.197838,0,2023-01-30 09:08:18.197838,4
325,36732,,,,71.91,0,2023-01-30 16:50:12.714354,0,2023-01-30 16:50:12.714354,4
326,36742,,,,71.91,0,2023-02-02 08:57:19.323689,0,2023-02-02 08:57:19.323689,4
333,36761,,,,605.88,0,2023-02-16 17:30:52.995449,0,2023-02-16 17:30:52.995449,4
334,36766,,,,841.94,0,2023-02-28 14:50:56.206441,0,2023-02-28 14:50:56.206441,4
335,36767,,,,647.19,0,2023-03-01 10:45:11.193807,0,2023-03-01 10:45:11.193807,4
336,36769,,,,229.62,0,2023-03-01 14:24:16.09652,0,2023-03-01 14:24:16.09652,4
337,36773,,,,76.64,0,2023-03-07 16:51:14.977419,0,2023-03-07 16:51:14.977419,4
338,36784,,,,306.16,0,2023-03-07 16:51:25.065566,0,2023-03-07 16:51:25.065566,4
339,36785,,,,459.24,0,2023-03-07 16:51:29.989145,0,2023-03-07 16:51:29.989145,4
340,36786,,,,382.70,0,2023-03-07 16:51:35.017197,0,2023-03-07 16:51:35.017197,4
341,36787,,,,612.32,0,2023-03-09 11:46:04.897336,0,2023-03-09 11:46:04.897336,4
342,36788,,,,3138.14,0,2023-03-09 11:58:59.923935,0,2023-03-09 11:58:59.923935,4
343,36792,,,,76.64,0,2023-03-13 11:57:30.030494,0,2023-03-13 11:57:30.030494,3
344,36798,,,,431.46,0,2023-03-16 12:02:24.928369,0,2023-03-16 12:02:24.928369,4
345,36799,,,,431.46,0,2023-03-16 12:02:29.915691,0,2023-03-16 12:02:29.915691,4
346,36800,,,,503.37,0,2023-03-16 12:02:39.893533,0,2023-03-16 12:02:39.893533,4
349,36803,,,,575.28,0,2023-03-16 12:03:04.872793,0,2023-03-16 12:03:04.872793,4
350,36807,,,,459.84,0,2023-03-20 14:59:09.994223,0,2023-03-20 14:59:09.994223,3
351,36808,,,,153.28,0,2023-03-20 17:01:04.908358,0,2023-03-20 17:01:04.908358,4
352,36810,,,,229.92,0,2023-03-20 17:14:39.921544,0,2023-03-20 17:14:39.921544,4
363,36874,,,,17211.04,0,2023-04-27 14:35:28.923257,0,2023-04-27 14:35:28.923257,4
373,36915,,,,1826.40,0,2023-05-12 14:59:37.980949,0,2023-05-12 14:59:37.980949,3
385,36950,,,,4033.30,0,2023-05-26 14:50:03.00657,0,2023-05-26 14:50:03.00657,3
393,36995,,,,1826.40,0,2023-06-01 17:17:12.996704,0,2023-06-01 17:17:12.996704,4
394,36996,,,,1598.10,0,2023-06-01 17:17:17.976266,0,2023-06-01 17:17:17.976266,4
400,37014,,,,360.85,0,2023-06-13 08:49:17.877893,0,2023-06-13 08:49:17.877893,4
401,37015,,,,360.85,0,2023-06-13 08:49:27.858014,0,2023-06-13 08:49:27.858014,4
402,37016,,,,505.19,0,2023-06-13 08:49:32.848882,0,2023-06-13 08:49:32.848882,4
409,37062,,,,72.17,0,2023-07-04 13:11:10.49058,0,2023-07-04 13:11:10.49058,3
418,37106,,,,70.96,0,2023-07-21 14:57:05.364932,0,2023-07-21 14:57:05.364932,4
424,37151,,,,1348.24,0,2023-08-24 13:56:23.321892,0,2023-08-24 13:56:23.321892,4
431,37164,,,,425.76,0,2023-08-31 12:03:43.143981,0,2023-08-31 12:03:43.143981,4
432,37165,,,,337.20,0,2023-08-31 12:03:48.132324,0,2023-08-31 12:03:48.132324,4
434,37225,,,,541.84,0,2023-09-14 11:08:39.847306,0,2023-09-14 11:08:39.847306,3
435,37226,,,,8804.90,0,2023-09-14 11:39:09.984444,0,2023-09-14 11:39:09.984444,3
436,37227,,,,203.19,0,2023-09-14 15:21:59.688742,0,2023-09-14 15:21:59.688742,3
437,37228,,,,880.49,0,2023-09-14 15:43:29.705073,0,2023-09-14 15:43:29.705073,3
438,37229,,,,677.30,0,2023-09-14 16:53:46.443101,0,2023-09-14 16:53:46.443101,3
439,37230,,,,135.46,0,2023-09-14 16:54:06.009951,0,2023-09-14 16:54:06.009951,3
440,37231,,,,338.65,0,2023-09-14 16:54:35.959059,0,2023-09-14 16:54:35.959059,3
441,37232,,,,6027.97,0,2023-09-14 16:55:01.114497,0,2023-09-14 16:55:01.114497,3
442,37233,,,,135.46,0,2023-09-14 16:55:25.972527,0,2023-09-14 16:55:25.972527,3
443,37238,,,,203.19,0,2023-09-15 08:47:35.985223,0,2023-09-15 08:47:35.985223,3
444,37239,,,,677.30,0,2023-09-15 08:48:00.96034,0,2023-09-15 08:48:00.96034,3
445,37240,,,,541.84,0,2023-09-15 08:48:25.982321,0,2023-09-15 08:48:25.982321,3
446,37241,,,,2302.82,0,2023-09-15 08:48:46.011765,0,2023-09-15 08:48:46.011765,3
447,37242,,,,745.03,0,2023-09-15 08:49:35.938401,0,2023-09-15 08:49:35.938401,3
448,37243,,,,135.46,0,2023-09-15 08:49:55.908873,0,2023-09-15 08:49:55.908873,3
449,37245,,,,203.19,0,2023-09-15 11:01:40.985256,0,2023-09-15 11:01:40.985256,3
450,37246,,,,7653.49,0,2023-09-15 11:02:01.124728,0,2023-09-15 11:02:01.124728,3
451,37333,,,,7518.03,0,2023-09-19 10:50:47.303025,0,2023-09-19 10:50:47.303025,3
452,37334,,,,67.73,0,2023-09-19 10:52:26.987402,0,2023-09-19 10:52:26.987402,3
453,37344,,,,677.30,0,2023-09-27 11:48:47.035684,0,2023-09-27 11:48:47.035684,3
454,37345,,,,474.11,0,2023-09-27 11:49:07.011908,0,2023-09-27 11:49:07.011908,3
455,37346,,,,474.11,0,2023-09-27 11:49:26.986272,0,2023-09-27 11:49:26.986272,3
456,37347,,,,474.11,0,2023-09-27 11:49:46.970509,0,2023-09-27 11:49:46.970509,3
457,37348,,,,474.11,0,2023-09-27 11:50:11.967538,0,2023-09-27 11:50:11.967538,3
458,37349,,,,474.11,0,2023-09-27 11:50:31.962674,0,2023-09-27 11:50:31.962674,3
459,37350,,,,474.11,0,2023-09-27 11:50:46.950134,0,2023-09-27 11:50:46.950134,3
460,37351,,,,474.11,0,2023-09-27 11:51:06.96257,0,2023-09-27 11:51:06.96257,3
461,37352,,,,3115.58,0,2023-09-27 11:51:26.983216,0,2023-09-27 11:51:26.983216,3
462,37355,,,,67.73,0,2023-09-27 15:20:52.043439,0,2023-09-27 15:20:52.043439,3
463,37377,214,,61086c92-7372-4387-a64e-f7a35827f4ee,20319.00,0,2023-09-29 12:05:02.762037,0,2023-09-29 12:05:02.762037,3
545,37825,,,,3041.10,0,2024-07-10 17:34:01.685279,0,2024-07-10 17:34:01.685279,3
546,37837,,,,132.90,0,2024-07-12 14:39:50.934925,0,2024-07-12 14:39:50.934925,3
464,37378,377,,4a9942fa-4836-4e20-b690-bf984f90e1af,2099.63,0,2023-09-29 12:05:47.007753,0,2023-09-29 12:05:47.007753,3
465,37379,,,,338.65,0,2023-10-04 10:43:57.064792,0,2023-10-04 10:43:57.064792,3
466,37380,,,,270.92,0,2023-10-05 16:17:22.070803,0,2023-10-05 16:17:22.070803,3
467,37382,,,,2506.01,0,2023-10-06 14:19:17.112882,0,2023-10-06 14:19:17.112882,3
468,37383,,,,6095.70,0,2023-10-06 14:24:12.130556,0,2023-10-06 14:24:12.130556,3
469,37384,,,,2344.65,0,2023-10-10 10:12:17.382444,0,2023-10-10 10:12:17.382444,3
470,37398,,,,13624.32,0,2023-10-16 11:25:19.126277,0,2023-10-16 11:25:19.126277,3
471,37399,,,,200.97,0,2023-10-17 11:03:22.05235,0,2023-10-17 11:03:22.05235,3
472,37403,,,,133.98,0,2023-10-23 12:11:27.074662,0,2023-10-23 12:11:27.074662,3
473,37405,,,,66.99,0,2023-10-25 10:53:41.826849,0,2023-10-25 10:53:41.826849,3
474,37414,,,,1607.76,0,2023-10-27 16:47:28.796774,0,2023-10-27 16:47:28.796774,3
475,37416,,,,334.95,0,2023-10-30 08:46:48.834574,0,2023-10-30 08:46:48.834574,3
476,37417,,,,267.96,0,2023-10-30 08:47:03.723255,0,2023-10-30 08:47:03.723255,3
477,37418,,,,3282.51,0,2023-10-30 10:25:34.347968,0,2023-10-30 10:25:34.347968,3
478,37420,,,,602.91,0,2023-10-31 11:09:48.884411,0,2023-10-31 11:09:48.884411,3
479,37423,,,,267.96,0,2023-11-07 11:44:48.878234,0,2023-11-07 11:44:48.878234,3
480,37424,,,,2679.60,0,2023-11-07 11:46:28.796212,0,2023-11-07 11:46:28.796212,3
481,37425,,,,870.87,0,2023-11-07 11:47:08.775011,0,2023-11-07 11:47:08.775011,3
482,37426,,,,1406.79,0,2023-11-07 11:47:53.736319,0,2023-11-07 11:47:53.736319,3
483,37427,,,,2090.64,0,2023-11-08 15:16:04.024708,0,2023-11-08 15:16:04.024708,3
484,37428,,,,911.82,0,2023-11-09 10:37:23.763552,0,2023-11-09 10:37:23.763552,3
485,37429,,,,1172.34,0,2023-11-09 10:38:18.768737,0,2023-11-09 10:38:18.768737,3
486,37430,,,,2930.85,0,2023-11-09 10:39:03.858753,0,2023-11-09 10:39:03.858753,3
487,37432,,,,716.43,0,2023-11-09 10:44:38.783673,0,2023-11-09 10:44:38.783673,3
488,37431,,,,651.30,0,2023-11-09 10:51:08.751974,0,2023-11-09 10:51:08.751974,3
489,37435,,,,66.99,0,2023-11-09 11:29:58.734583,0,2023-11-09 11:29:58.734583,3
490,37447,,,,130.26,0,2023-11-13 15:06:53.733823,0,2023-11-13 15:06:53.733823,3
491,37449,,,,586.17,0,2023-11-20 10:05:08.1253,0,2023-11-20 10:05:08.1253,3
492,37450,,,,455.91,0,2023-11-20 10:05:27.907556,0,2023-11-20 10:05:27.907556,3
493,37451,,,,976.95,0,2023-11-20 10:05:42.911436,0,2023-11-20 10:05:42.911436,3
494,37452,,,,937.86,0,2023-11-20 10:06:02.875563,0,2023-11-20 10:06:02.875563,3
495,37454,,,,65.13,0,2023-11-24 09:19:27.875542,0,2023-11-24 09:19:27.875542,3
496,37455,,,,1138.83,0,2023-11-27 16:50:22.955467,0,2023-11-27 16:50:22.955467,3
497,37459,,,,1693.38,0,2023-11-30 09:01:22.981717,0,2023-11-30 09:01:22.981717,3
498,37462,,,,130.26,0,2023-12-06 16:28:12.920623,0,2023-12-06 16:28:12.920623,3
499,37463,,,,65.13,0,2023-12-07 11:04:37.883503,0,2023-12-07 11:04:37.883503,3
500,37464,,,,3801.96,0,2023-12-07 11:22:28.473684,0,2023-12-07 11:22:28.473684,3
501,37465,,,,3157.56,0,2023-12-07 11:22:53.352684,0,2023-12-07 11:22:53.352684,3
502,37473,,,,260.52,0,2023-12-12 12:21:22.183383,0,2023-12-12 12:21:22.183383,3
503,37474,,,,133.98,0,2023-12-13 12:05:56.977961,0,2023-12-13 12:05:56.977961,3
504,37478,,,,128.88,0,2023-12-18 14:37:45.491579,0,2023-12-18 14:37:45.491579,3
505,37482,,,,644.40,0,2024-01-03 09:16:14.672555,0,2024-01-03 09:16:14.672555,3
506,37492,,,,953.85,0,2024-01-12 11:27:04.360064,0,2024-01-12 11:27:04.360064,3
507,37506,,,,63.59,0,2024-01-26 11:58:39.396054,0,2024-01-26 11:58:39.396054,3
508,37509,,,,190.77,0,2024-02-02 12:33:44.386006,0,2024-02-02 12:33:44.386006,3
509,37525,,,,1335.39,0,2024-02-16 20:11:44.713981,0,2024-02-16 20:11:44.713981,3
510,37527,,,,246.12,0,2024-02-22 17:01:21.464154,0,2024-02-22 17:01:21.464154,3
511,37528,,,,307.65,0,2024-02-22 17:48:40.920559,0,2024-02-22 17:48:40.920559,3
512,37530,,,,307.65,0,2024-02-27 09:20:40.913561,0,2024-02-27 09:20:40.913561,3
513,37533,,,,1353.66,0,2024-02-27 14:47:40.967851,0,2024-02-27 14:47:40.967851,3
514,37534,,,,61.53,0,2024-02-27 14:48:35.814056,0,2024-02-27 14:48:35.814056,3
515,37550,,,,123.06,0,2024-03-06 15:18:15.822786,0,2024-03-06 15:18:15.822786,3
516,37560,,,,72.75,0,2024-04-01 11:15:45.855989,0,2024-04-01 11:15:45.855989,3
517,37561,,,,509.25,0,2024-04-02 13:52:10.88091,0,2024-04-02 13:52:10.88091,3
518,37562,,,,145.50,0,2024-04-03 10:22:00.811008,0,2024-04-03 10:22:00.811008,3
519,37592,,,,469.62,0,2024-04-09 18:45:35.891155,0,2024-04-09 18:45:35.891155,3
520,37593,,,,78.27,0,2024-04-10 17:28:05.858025,0,2024-04-10 17:28:05.858025,3
521,37598,,,,2582.91,0,2024-04-26 17:10:16.167441,0,2024-04-26 17:10:16.167441,3
522,37615,,,,859.08,0,2024-05-21 12:38:21.236494,0,2024-05-21 12:38:21.236494,3
523,37616,,,,286.36,0,2024-05-21 12:44:31.339867,0,2024-05-21 12:44:31.339867,3
524,37617,,,,572.72,0,2024-05-21 12:44:56.137025,0,2024-05-21 12:44:56.137025,3
525,37618,,,,71.59,0,2024-05-22 12:22:36.183675,0,2024-05-22 12:22:36.183675,3
526,37619,,,,1002.26,0,2024-05-23 17:52:36.239917,0,2024-05-23 17:52:36.239917,3
527,37620,,,,143.18,0,2024-05-23 17:54:31.057491,0,2024-05-23 17:54:31.057491,3
528,37621,,,,143.18,0,2024-05-28 15:00:21.097936,0,2024-05-28 15:00:21.097936,3
529,37622,,,,143.18,0,2024-05-29 13:39:16.106129,0,2024-05-29 13:39:16.106129,3
530,37623,,,,71.59,0,2024-05-29 15:56:26.116658,0,2024-05-29 15:56:26.116658,3
531,37628,,,,3794.27,0,2024-06-06 16:11:41.17965,0,2024-06-06 16:11:41.17965,3
532,37629,,,,3507.91,0,2024-06-06 16:12:11.144135,0,2024-06-06 16:12:11.144135,3
533,37630,,,,644.31,0,2024-06-06 16:14:16.177685,0,2024-06-06 16:14:16.177685,3
534,37631,,,,2577.24,0,2024-06-06 16:14:41.390562,0,2024-06-06 16:14:41.390562,3
535,37633,,,,1013.70,0,2024-06-07 16:02:51.234543,0,2024-06-07 16:02:51.234543,3
536,37634,,,,67.58,0,2024-06-07 16:03:06.012431,0,2024-06-07 16:03:06.012431,3
537,37636,,,,946.12,0,2024-06-10 09:30:21.123823,0,2024-06-10 09:30:21.123823,3
538,37639,,,,2147.70,0,2024-06-11 09:40:11.358902,0,2024-06-11 09:40:11.358902,3
539,37642,,,,357.95,0,2024-06-12 10:36:46.142694,0,2024-06-12 10:36:46.142694,3
540,37780,,,,135.16,0,2024-06-18 14:37:06.095902,0,2024-06-18 14:37:06.095902,3
541,37781,,,,1288.62,0,2024-06-18 17:56:51.169609,0,2024-06-18 17:56:51.169609,3
542,37785,,,,1284.02,0,2024-06-20 09:02:46.138365,0,2024-06-20 09:02:46.138365,3
543,37786,,,,2500.46,0,2024-06-20 09:03:01.105699,0,2024-06-20 09:03:01.105699,3
544,37784,,,,2838.36,0,2024-06-20 15:57:16.149936,0,2024-06-20 15:57:16.149936,3
547,37838,,,,132.90,0,2024-07-15 15:04:06.189688,0,2024-07-15 15:04:06.189688,3
548,37839,,,,132.90,0,2024-07-15 15:04:51.131187,0,2024-07-15 15:04:51.131187,3
549,37842,,,,66.45,0,2024-07-17 10:23:56.093543,0,2024-07-17 10:23:56.093543,3
550,37845,,,,1860.60,0,2024-07-18 10:29:31.150772,0,2024-07-18 10:29:31.150772,3
551,37849,,,,664.50,0,2024-08-02 11:33:21.19228,0,2024-08-02 11:33:21.19228,3
552,37850,,,,1419.18,0,2024-08-07 10:44:01.34194,0,2024-08-07 10:44:01.34194,3
553,37859,,,,243.93,0,2024-08-19 12:10:51.143849,0,2024-08-19 12:10:51.143849,3
554,37875,,,,4747.38,0,2024-08-23 14:23:05.94145,0,2024-08-23 14:23:05.94145,3
555,37876,,,,5322.82,0,2024-08-23 14:23:40.882989,0,2024-08-23 14:23:40.882989,3
556,37877,,,,406.55,0,2024-08-27 10:33:00.974359,0,2024-08-27 10:33:00.974359,3
557,37878,,,,569.17,0,2024-08-27 10:33:35.88242,0,2024-08-27 10:33:35.88242,3
558,37880,,,,81.31,0,2024-08-27 15:16:26.128179,0,2024-08-27 15:16:26.128179,3
559,37888,,,,81.31,0,2024-08-29 16:26:50.924657,0,2024-08-29 16:26:50.924657,3
560,37897,,,,325.24,0,2024-09-18 10:38:15.923276,0,2024-09-18 10:38:15.923276,3
561,37898,,,,77.51,0,2024-09-18 10:38:55.918665,0,2024-09-18 10:38:55.918665,3
562,37899,,,,155.02,0,2024-09-18 15:48:25.913389,0,2024-09-18 15:48:25.913389,3
563,37901,,,,33329.30,0,2024-09-27 17:34:50.941782,0,2024-09-27 17:34:50.941782,3
564,37903,,,,387.55,0,2024-09-30 15:43:41.243384,0,2024-09-30 15:43:41.243384,3
565,37904,,,,465.06,0,2024-10-02 10:47:55.937108,0,2024-10-02 10:47:55.937108,3
566,37905,,,,775.10,0,2024-10-02 14:43:55.899157,0,2024-10-02 14:43:55.899157,3
567,37921,,,,620.08,0,2024-10-09 14:56:10.87217,0,2024-10-09 14:56:10.87217,3
568,37924,,,,1627.71,0,2024-10-10 14:58:25.951578,0,2024-10-10 14:58:25.951578,3
569,37915,,,,775.10,0,2024-10-11 10:54:40.9395,0,2024-10-11 10:54:40.9395,3
570,37933,,,,1205.70,0,2024-10-15 16:59:36.407091,0,2024-10-15 16:59:36.407091,3
571,37934,,,,1366.46,0,2024-10-15 17:00:46.181592,0,2024-10-15 17:00:46.181592,3
572,37935,,,,2732.92,0,2024-10-15 17:01:21.276419,0,2024-10-15 17:01:21.276419,3
573,37936,,,,2092.77,0,2024-10-15 17:07:41.254284,0,2024-10-15 17:07:41.254284,3
574,37938,,,,232.53,0,2024-10-17 17:19:56.135595,0,2024-10-17 17:19:56.135595,3
575,37939,,,,1286.08,0,2024-10-18 15:05:45.928411,0,2024-10-18 15:05:45.928411,3
576,37940,,,,2402.81,0,2024-10-21 17:48:23.170089,0,2024-10-21 17:48:23.170089,3
577,37945,,,,1527.22,0,2024-10-28 14:05:18.1501,0,2024-10-28 14:05:18.1501,3
578,37946,,,,80.38,0,2024-10-28 14:21:43.071236,0,2024-10-28 14:21:43.071236,3
579,37947,,,,401.90,0,2024-10-28 16:21:03.047056,0,2024-10-28 16:21:03.047056,3
580,37948,,,,643.04,0,2024-10-29 09:52:08.351003,0,2024-10-29 09:52:08.351003,3
581,37952,,,,241.14,0,2024-10-30 16:05:48.266481,0,2024-10-30 16:05:48.266481,3
582,37953,,,,7555.72,0,2024-10-30 16:23:48.055938,0,2024-10-30 16:23:48.055938,3
583,37954,,,,542.57,0,2024-10-31 16:15:13.275843,0,2024-10-31 16:15:13.275843,3
584,37963,,,,3375.96,0,2024-11-05 14:44:58.007157,0,2024-11-05 14:44:58.007157,3
585,37966,,,,20095.00,0,2024-11-13 11:20:03.875877,0,2024-11-13 11:20:03.875877,3
586,37967,,,,620.08,0,2024-11-13 17:42:03.818757,0,2024-11-13 17:42:03.818757,3
587,37969,,,,12560.96,0,2024-11-14 14:50:53.602164,0,2024-11-14 14:50:53.602164,3
588,37970,,,,184.72,0,2024-11-18 10:28:53.601498,0,2024-11-18 10:28:53.601498,3
589,39227,,,,7475.34,0,2024-11-18 17:57:38.57322,0,2024-11-18 17:57:38.57322,3
590,39228,,,,6003.40,0,2024-11-21 15:08:43.540365,0,2024-11-21 15:08:43.540365,3
591,39229,,,,92.36,0,2024-11-21 18:11:13.534949,0,2024-11-21 18:11:13.534949,3
592,39230,,,,92.36,0,2024-11-22 10:39:28.527879,0,2024-11-22 10:39:28.527879,3
593,39249,,,,554.16,0,2024-12-02 08:34:23.594252,0,2024-12-02 08:34:23.594252,3
594,39256,,,,4987.44,0,2024-12-04 09:33:13.537916,0,2024-12-04 09:33:13.537916,3
595,39257,,,,8866.56,0,2024-12-04 09:33:23.501093,0,2024-12-04 09:33:23.501093,3
596,39258,,,,15734.53,0,2024-12-09 12:01:48.526193,0,2024-12-09 12:01:48.526193,3
597,39266,,,,554.16,0,2024-12-11 10:45:23.781176,0,2024-12-11 10:45:23.781176,3
598,39274,,,,2216.64,0,2024-12-13 12:38:23.789574,0,2024-12-13 12:38:23.789574,3
599,39275,,,,738.88,0,2024-12-13 12:42:18.511103,0,2024-12-13 12:42:18.511103,3
600,39276,,,,2492.10,0,2024-12-16 16:52:28.526154,0,2024-12-16 16:52:28.526154,3
601,39284,,,,1520.55,0,2025-01-06 15:48:08.546535,0,2025-01-06 15:48:08.546535,3
602,39285,,,,15289.56,0,2025-01-07 17:58:28.532704,0,2025-01-07 17:58:28.532704,3
603,39294,,,,283.14,0,2025-01-17 11:59:48.552083,0,2025-01-17 11:59:48.552083,3
604,39295,,,,94.38,0,2025-01-20 10:54:53.523957,0,2025-01-20 10:54:53.523957,3
605,39298,,,,1824.66,0,2025-01-23 17:01:48.623506,0,2025-01-23 17:01:48.623506,3
606,39328,,,,105.05,0,2025-03-11 09:40:23.53315,0,2025-03-11 09:40:23.53315,3
607,39329,,,,585.36,0,2025-03-11 11:48:23.500698,0,2025-03-11 11:48:23.500698,3
608,39338,,,,1662.48,0,2025-03-18 11:17:28.570288,0,2025-03-18 11:17:28.570288,3
609,39339,,,,1890.90,0,2025-03-19 18:00:03.664207,0,2025-03-19 18:00:03.664207,3
610,39340,,,,210.10,0,2025-03-19 18:00:43.567947,0,2025-03-19 18:00:43.567947,3
611,39341,,,,195.12,0,2025-03-19 18:04:58.613509,0,2025-03-19 18:04:58.613509,3
612,39345,,,,55218.81,0,2025-03-25 22:52:23.561861,0,2025-03-25 22:52:23.561861,3
613,39350,,,,217.04,0,2025-04-09 14:39:58.534838,0,2025-04-09 14:39:58.534838,3
614,39351,,,,759.64,0,2025-04-09 14:40:23.517423,0,2025-04-09 14:40:23.517423,3
615,39359,,,,106.97,0,2025-04-28 14:45:03.598249,0,2025-04-28 14:45:03.598249,3
616,39360,,,,106.97,0,2025-04-28 16:50:13.548481,0,2025-04-28 16:50:13.548481,3
617,39365,,,,4096.95,0,2025-05-05 11:46:18.533748,0,2025-05-05 11:46:18.533748,3
618,39369,,,,2780.39,0,2025-05-14 15:14:53.496712,0,2025-05-14 15:14:53.496712,3
619,39384,,,,179.38,0,2025-05-27 16:01:33.581303,0,2025-05-27 16:01:33.581303,3
620,39385,,,,2690.70,0,2025-05-29 14:25:43.528492,0,2025-05-29 14:25:43.528492,3
621,39386,,,,89.69,0,2025-05-29 15:10:03.62851,0,2025-05-29 15:10:03.62851,3
622,39388,,,,3318.53,0,2025-05-29 15:58:08.550409,0,2025-05-29 15:58:08.550409,3
623,39389,,,,986.59,0,2025-05-29 15:58:53.514571,0,2025-05-29 15:58:53.514571,3
624,39390,,,,1345.35,0,2025-05-29 15:59:53.495885,0,2025-05-29 15:59:53.495885,3
626,39392,,,,3049.46,0,2025-06-23 15:27:34.662924,0,2025-06-23 15:27:34.662924,3
627,39409,,,,2212.14,0,2025-06-30 16:18:14.616264,0,2025-06-30 16:18:14.616264,3
628,39410,,,,269.07,0,2025-06-30 18:12:54.589605,0,2025-06-30 18:12:54.589605,3
629,39412,,,,4394.81,0,2025-07-01 16:13:44.681285,0,2025-07-01 16:13:44.681285,3
630,39413,,,,192.36,0,2025-07-07 15:38:49.640828,0,2025-07-07 15:38:49.640828,3
631,39427,,,,95.84,0,2025-07-17 15:16:04.654046,0,2025-07-17 15:16:04.654046,3
632,39434,,,,95.84,0,2025-07-22 14:57:29.642175,0,2025-07-22 14:57:29.642175,3
633,39435,,,,287.52,0,2025-07-22 15:01:09.6043,0,2025-07-22 15:01:09.6043,3
625,39391,265,,,1614.42,0,2025-06-23 15:04:05.202214,0,2025-06-23 15:04:05.202214,3
