file_id,system_type
e0ac7eb3-078b-423f-9064-148f133c0f87,AKSES
e124d7d0-e264-40e5-bec1-c46dce302761,AKSES
c953e6c7-dd8f-415a-bf1a-736dc2fa0adf,AKSES
df6a88f2-d49e-4dec-9bb1-fa7c943c6899,AKSES
1b3ecbfd-c742-48d2-8dfd-53a66130a9c0,AKSES
1de6bf96-8ed8-4de3-831c-c109e64a8a01,AKSES
6f8c07e0-7ff9-453c-841a-4d81e45d5d3a,AKSES
f81feaf8-dd92-47f8-b427-c89017f31b37,AKSES
56ef6292-a8ab-49bf-a936-0a0dc3898a29,AKSES
c5e7747a-e146-4c60-9740-82440f4c1e05,AKSES
c5a92831-9186-4e53-abb5-e2b23b3097f8,AKSES
c9d376b6-8bd0-4f98-a410-86f511a660b2,AKSES
9ea57809-ad52-4cde-9b72-4978f1ad0301,AKSES
437293f0-3e8c-494b-804e-eddaa73f38b0,AKSES
64c48469-7919-4e5d-82eb-5b02528a6a86,AKSES
06085e82-831b-40f9-bbf3-d6b2393b6a53,AKSES
06085e82-831b-40f9-bbf3-d6b2393b6a53,TESOURO_VERDE
044ff6b1-6a6d-40a5-adaa-e76635645815,AKSES
044ff6b1-6a6d-40a5-adaa-e76635645815,TESOURO_VERDE
ab38663f-fca1-4b55-b2b5-5e253f0a3ce3,AKSES
ab38663f-fca1-4b55-b2b5-5e253f0a3ce3,TESOURO_VERDE
5d791010-c94e-4409-9e86-8b0a8b9e4727,AKSES
5d791010-c94e-4409-9e86-8b0a8b9e4727,TESOURO_VERDE
52753929-40c1-43a7-b6b9-22a90f134c01,TESOURO_VERDE
52753929-40c1-43a7-b6b9-22a90f134c01,AKSES
6450eadb-f1bb-4c6e-bad3-5963880552ec,TESOURO_VERDE
6450eadb-f1bb-4c6e-bad3-5963880552ec,AKSES
a797ada0-f645-4e99-871e-a24697d0a01e,TESOURO_VERDE
a797ada0-f645-4e99-871e-a24697d0a01e,AKSES
0dc990f1-176b-41cc-9107-4330d63cb43e,AKSES
