id,supply_type,payment_date,start_date,end_date,register_bank_id,file_generated,response_read,created_by,created_date,last_modified_by,last_modified_date
40,ASSETS,2022-10-27 00:00:00,2022-11-08 21:00:00,2022-11-10 21:00:00,2,t,t,890,2022-10-27 12:53:24.598386,890,2022-10-27 12:54:44.175455
39,ASSETS,2022-10-27 00:00:00,2022-11-07 21:00:00,2022-11-10 21:00:00,1,t,t,890,2022-10-27 12:22:49.091669,890,2022-10-27 12:32:44.060864
25,OTHER,2022-10-14 00:00:00,2022-10-12 21:00:00,2022-10-17 21:00:00,1,t,t,890,2022-10-14 09:03:57.720005,890,2022-10-14 09:04:33.26279
24,OTHER,2022-10-13 00:00:00,2022-10-11 21:00:00,2022-10-13 21:00:00,1,t,t,890,2022-10-13 12:35:19.369734,890,2022-10-13 12:37:41.304171
7,OTHER,2022-09-30 00:00:00,2022-09-28 21:00:00,2022-09-30 21:00:00,1,t,t,890,2022-09-30 08:36:44.40557,890,2022-09-30 08:37:19.280145
43,ASSETS,2022-10-27 00:00:00,2022-11-08 21:00:00,2022-11-10 21:00:00,2,t,t,890,2022-10-27 16:01:26.332374,890,2022-10-27 16:02:08.859395
42,OTHER,2022-10-27 00:00:00,2022-10-25 21:00:00,2022-10-27 21:00:00,2,t,t,890,2022-10-27 15:11:33.351875,890,2022-10-27 15:12:19.151369
2,OTHER,2022-09-26 00:00:00,2022-09-22 21:00:00,2022-10-22 21:00:00,1,t,t,890,2022-09-26 10:00:35.279687,890,2022-09-26 10:00:58.325567
16,OTHER,2022-10-06 00:00:00,2022-10-03 21:00:00,2022-10-06 21:00:00,1,t,t,890,2022-10-05 16:02:04.756374,933,2022-10-06 11:08:19.806141
3,OTHER,2022-09-27 00:00:00,2022-09-26 21:00:00,2022-09-28 21:00:00,1,t,t,890,2022-09-27 09:52:39.541667,890,2022-09-27 09:52:48.987604
15,ASSETS,2022-10-05 00:00:00,2022-10-08 21:00:00,2022-10-10 21:00:00,2,t,t,890,2022-10-05 10:08:29.478147,890,2022-10-05 10:09:13.537857
36,ASSETS,2022-10-27 00:00:00,2022-11-08 21:00:00,2022-11-10 21:00:00,2,t,t,890,2022-10-26 17:37:08.513419,890,2022-10-26 17:41:27.051251
34,OTHER,2022-10-25 00:00:00,2022-10-23 21:00:00,2022-11-24 21:00:00,1,t,t,890,2022-10-25 11:11:53.376493,890,2022-10-25 11:12:24.128444
1,OTHER,2022-09-23 00:00:00,2022-09-21 21:00:00,2022-10-22 21:00:00,1,t,t,890,2022-09-23 16:31:44.113375,890,2022-09-23 16:32:09.037283
27,OTHER,2022-10-17 00:00:00,2022-10-13 21:00:00,2022-10-17 21:00:00,1,t,t,890,2022-10-17 10:43:39.366092,890,2022-10-17 11:12:10.969026
4,OTHER,2022-09-28 00:00:00,2022-09-26 21:00:00,2022-09-28 21:00:00,1,t,t,890,2022-09-28 11:24:33.253877,890,2022-09-28 11:26:07.360139
17,OTHER,2022-10-06 00:00:00,2022-10-04 21:00:00,2022-10-06 21:00:00,1,t,t,890,2022-10-06 08:42:11.347291,890,2022-10-06 11:13:03.980078
26,OTHER,2022-10-14 00:00:00,2022-10-12 21:00:00,2022-10-14 21:00:00,1,t,t,890,2022-10-14 09:38:37.377198,890,2022-10-14 09:39:10.484056
48,OTHER,2022-10-28 00:00:00,2022-10-26 21:00:00,2022-11-26 21:00:00,1,t,t,890,2022-10-28 11:21:43.588282,890,2022-10-28 11:23:56.133039
41,ASSETS,2022-10-27 00:00:00,2022-11-08 21:00:00,2022-11-10 21:00:00,2,t,t,890,2022-10-27 14:45:35.18154,890,2022-10-27 14:47:30.844966
28,OTHER,2022-10-17 00:00:00,2022-10-15 21:00:00,2022-10-17 21:00:00,1,t,t,890,2022-10-17 11:16:28.20171,890,2022-10-17 11:16:46.871024
38,OTHER,2022-10-27 00:00:00,2022-10-25 21:00:00,2022-12-26 21:00:00,2,t,t,890,2022-10-27 08:47:05.963417,890,2022-10-27 08:48:21.293299
19,OTHER,2022-10-10 00:00:00,2022-10-05 21:00:00,2022-10-10 21:00:00,1,t,t,890,2022-10-10 09:14:11.822863,890,2022-10-10 10:33:13.979339
9,OTHER,2022-10-03 00:00:00,2022-09-30 21:00:00,2022-10-03 21:00:00,2,t,t,890,2022-09-30 13:45:26.212215,890,2022-09-30 14:08:05.685189
8,OTHER,2022-09-30 00:00:00,2022-09-28 21:00:00,2022-09-30 21:00:00,1,t,t,890,2022-09-30 10:32:08.900939,890,2022-09-30 10:32:21.229518
10,OTHER,2022-10-03 00:00:00,2022-09-27 21:00:00,2022-10-03 21:00:00,1,t,t,890,2022-09-30 13:49:00.059495,890,2022-09-30 14:10:11.985624
18,OTHER,2022-10-07 00:00:00,2022-10-05 21:00:00,2022-10-07 21:00:00,1,t,t,890,2022-10-07 09:28:14.8547,890,2022-10-07 09:33:57.015595
6,OTHER,2022-09-29 00:00:00,2022-09-27 21:00:00,2022-09-29 21:00:00,1,t,t,890,2022-09-28 14:56:44.987813,890,2022-09-28 14:57:13.403298
20,OTHER,2022-10-10 00:00:00,2022-10-08 21:00:00,2022-10-10 21:00:00,1,t,t,890,2022-10-10 10:53:10.619199,890,2022-10-10 10:53:23.885261
47,ASSETS,2022-10-28 00:00:00,2022-11-08 21:00:00,2022-11-10 21:00:00,2,t,t,890,2022-10-28 10:33:59.612178,890,2022-10-28 10:34:13.886973
13,OTHER,2022-10-04 00:00:00,2022-10-02 21:00:00,2022-10-04 21:00:00,1,t,t,890,2022-10-04 10:58:42.184721,890,2022-10-04 10:59:11.721147
51,OTHER,2022-10-28 00:00:00,2022-10-26 21:00:00,2022-10-28 21:00:00,2,t,t,890,2022-10-28 16:39:38.095611,890,2022-10-28 16:39:52.295732
14,OTHER,2022-10-05 00:00:00,2022-10-03 21:00:00,2022-10-05 21:00:00,1,t,t,890,2022-10-05 09:38:38.925791,890,2022-10-05 09:43:43.187473
37,ASSETS,2022-10-27 00:00:00,2022-11-08 21:00:00,2022-11-10 21:00:00,2,t,t,890,2022-10-26 17:46:52.051577,890,2022-10-26 17:48:51.260966
22,OTHER,2022-10-13 00:00:00,2022-10-10 21:00:00,2022-10-13 21:00:00,1,t,t,890,2022-10-13 09:23:51.443285,890,2022-10-13 12:35:29.194321
30,OTHER,2022-10-20 00:00:00,2022-10-18 21:00:00,2022-10-20 21:00:00,1,t,t,890,2022-10-20 11:00:28.441784,890,2022-10-20 11:00:38.458957
31,OTHER,2022-10-20 00:00:00,2022-10-18 21:00:00,2022-10-20 21:00:00,1,t,t,890,2022-10-20 13:11:54.048038,890,2022-10-20 13:13:19.717786
21,OTHER,2022-10-11 00:00:00,2022-10-09 21:00:00,2022-10-11 21:00:00,1,t,t,890,2022-10-11 10:18:52.322349,890,2022-10-11 10:19:23.782235
44,ASSETS,2022-10-27 00:00:00,2022-11-08 21:00:00,2022-11-10 21:00:00,2,t,t,890,2022-10-27 16:18:59.576067,890,2022-10-27 16:19:50.318289
29,OTHER,2022-10-18 00:00:00,2022-10-16 21:00:00,2022-10-18 21:00:00,1,t,t,890,2022-10-18 10:14:25.695887,890,2022-10-18 10:17:03.05288
32,OTHER,2022-10-20 00:00:00,2022-10-18 21:00:00,2022-10-20 21:00:00,1,t,t,890,2022-10-20 14:37:00.009508,890,2022-10-20 14:37:14.370683
33,OTHER,2022-10-21 00:00:00,2022-10-19 21:00:00,2022-10-21 21:00:00,1,t,t,890,2022-10-21 09:56:57.547624,890,2022-10-21 09:57:24.910198
35,ASSETS,2022-10-27 00:00:00,2022-11-07 21:00:00,2022-11-10 21:00:00,2,t,t,890,2022-10-26 17:17:49.002202,890,2022-10-26 17:24:37.564486
60,OTHER,2022-11-01 00:00:00,2022-10-30 21:00:00,2022-11-01 21:00:00,2,t,t,890,2022-11-01 10:07:41.679964,890,2022-11-01 10:07:51.008492
45,OTHER,2022-10-28 00:00:00,2022-10-26 21:00:00,2022-10-28 21:00:00,1,t,t,890,2022-10-28 08:40:09.408331,890,2022-10-28 08:40:22.614034
49,ASSETS,2022-10-28 00:00:00,2022-11-08 21:00:00,2022-11-10 21:00:00,2,t,t,890,2022-10-28 13:54:54.336821,890,2022-10-28 13:56:50.646554
50,OTHER,2022-10-28 00:00:00,2022-10-26 21:00:00,2022-10-28 21:00:00,2,t,t,890,2022-10-28 14:33:01.54552,890,2022-10-28 14:33:37.806614
52,ASSETS,2022-10-28 00:00:00,2022-11-08 21:00:00,2022-11-10 21:00:00,2,t,t,890,2022-10-28 16:43:09.036438,890,2022-10-28 16:43:53.138598
54,OTHER,2022-10-31 00:00:00,2022-10-29 21:00:00,2022-10-31 21:00:00,2,t,t,890,2022-10-31 09:57:30.926053,890,2022-10-31 09:57:40.687318
46,ASSETS,2022-10-28 00:00:00,2022-11-08 21:00:00,2022-11-10 21:00:00,2,t,t,890,2022-10-28 09:32:08.87864,890,2022-10-28 09:35:31.517897
56,OTHER,2022-10-31 00:00:00,2022-10-29 21:00:00,2022-10-31 21:00:00,1,t,t,890,2022-10-31 13:56:19.325059,890,2022-10-31 13:56:35.557543
53,ASSETS,2022-10-31 00:00:00,2022-11-08 21:00:00,2022-11-10 21:00:00,2,t,t,890,2022-10-31 09:52:39.908144,890,2022-10-31 09:52:55.762591
57,ASSETS,2022-10-31 00:00:00,2022-11-08 21:00:00,2022-11-10 21:00:00,2,t,t,890,2022-10-31 15:00:07.370046,890,2022-10-31 15:01:36.855027
55,OTHER,2022-10-31 00:00:00,2022-10-27 21:00:00,2022-10-31 21:00:00,1,t,t,890,2022-10-31 11:58:04.400137,890,2022-10-31 11:58:25.981402
64,OTHER,2022-11-03 00:00:00,2022-11-01 21:00:00,2022-11-03 21:00:00,2,t,t,890,2022-11-03 14:32:19.793188,890,2022-11-03 14:32:32.969634
63,OTHER,2022-11-03 00:00:00,2022-11-01 21:00:00,2022-12-03 21:00:00,1,t,t,890,2022-11-03 14:12:02.043817,890,2022-11-03 14:12:17.542902
59,OTHER,2022-11-01 00:00:00,2022-10-30 21:00:00,2022-11-01 21:00:00,1,t,t,890,2022-11-01 09:50:19.17969,890,2022-11-01 09:51:24.775836
58,ASSETS,2022-10-31 00:00:00,2022-11-08 21:00:00,2022-11-10 21:00:00,2,t,t,890,2022-10-31 15:32:18.698514,890,2022-10-31 15:35:40.396944
62,OTHER,2022-11-03 00:00:00,2022-11-01 21:00:00,2022-11-03 21:00:00,1,t,t,890,2022-11-03 10:02:01.35625,890,2022-11-03 10:02:14.156935
65,OTHER,2022-11-03 00:00:00,2022-11-01 21:00:00,2022-11-03 21:00:00,1,t,t,890,2022-11-03 14:41:28.864709,890,2022-11-03 14:41:43.139666
61,OTHER,2022-11-01 00:00:00,2022-10-30 21:00:00,2022-11-01 21:00:00,1,t,t,890,2022-11-01 11:55:44.096318,890,2022-11-01 11:57:08.498653
68,OTHER,2022-11-04 00:00:00,2022-11-01 21:00:00,2022-11-05 21:00:00,2,t,t,890,2022-11-04 10:39:49.391231,890,2022-11-04 11:28:50.518146
69,ASSETS,2022-11-04 00:00:00,2022-11-08 21:00:00,2022-11-10 21:00:00,2,t,t,890,2022-11-04 10:42:55.253498,890,2022-11-04 11:32:09.105252
67,OTHER,2022-11-04 00:00:00,2022-11-02 21:00:00,2022-11-04 21:00:00,1,t,t,890,2022-11-04 09:14:15.397469,890,2022-11-04 09:14:30.150917
70,ASSETS,2022-11-04 00:00:00,2022-11-08 21:00:00,2022-11-10 21:00:00,2,t,t,890,2022-11-04 11:28:26.696089,890,2022-11-04 11:35:41.864124
66,OTHER,2022-11-03 00:00:00,2022-11-01 21:00:00,2022-11-03 21:00:00,2,t,t,890,2022-11-03 15:40:18.521449,890,2022-11-03 15:40:26.462261
71,OTHER,2022-11-07 00:00:00,2022-11-04 21:00:00,2022-11-07 21:00:00,1,t,t,890,2022-11-04 14:58:10.809174,890,2022-11-07 08:31:18.496761
107,OTHER,2022-11-25 00:00:00,2022-11-23 21:00:00,2022-11-25 21:00:00,1,t,t,890,2022-11-25 13:06:01.727576,890,2022-11-25 13:06:11.888384
114,OTHER,2022-11-30 00:00:00,2022-11-28 21:00:00,2022-12-08 21:00:00,1,t,t,890,2022-11-30 11:49:33.868307,890,2022-11-30 11:49:44.118796
92,OTHER,2022-11-14 00:00:00,2022-11-10 21:00:00,2022-11-14 21:00:00,1,t,t,890,2022-11-14 10:21:07.375899,890,2022-11-14 10:25:06.049782
72,OTHER,2022-11-07 00:00:00,2022-11-03 21:00:00,2022-11-07 21:00:00,1,t,t,890,2022-11-07 09:17:04.509094,890,2022-11-07 09:17:48.008473
118,OTHER,2022-12-02 00:00:00,2022-11-29 21:00:00,2022-12-31 21:00:00,1,t,t,890,2022-12-02 12:34:28.729147,890,2022-12-02 12:34:51.287332
73,OTHER,2022-11-07 00:00:00,2022-11-05 21:00:00,2022-11-07 21:00:00,2,t,t,890,2022-11-07 12:10:28.323413,890,2022-11-07 12:10:46.067819
74,OTHER,2022-11-07 00:00:00,2022-11-03 21:00:00,2022-11-07 21:00:00,1,t,t,890,2022-11-07 12:22:00.520964,890,2022-11-07 12:22:10.096997
100,OTHER,2022-11-21 00:00:00,2022-11-19 21:00:00,2022-11-21 21:00:00,1,t,t,890,2022-11-21 11:25:12.924128,890,2022-11-21 11:25:28.310353
93,OTHER,2022-11-14 00:00:00,2022-11-12 21:00:00,2022-11-14 21:00:00,1,t,t,890,2022-11-14 10:32:43.010468,890,2022-11-14 10:32:52.089298
115,OTHER,2022-12-01 00:00:00,2022-11-29 21:00:00,2022-12-01 21:00:00,1,t,t,890,2022-12-01 09:26:32.887742,890,2022-12-01 09:26:53.295751
87,ASSETS,2022-11-10 00:00:00,2022-11-08 21:00:00,2022-11-10 21:00:00,2,t,t,890,2022-11-10 12:12:53.359538,890,2022-11-10 12:19:48.276159
86,ASSETS,2022-11-10 00:00:00,2022-11-05 21:00:00,2022-11-10 21:00:00,2,t,t,890,2022-11-10 10:48:56.512089,890,2022-11-10 11:19:29.351236
75,OTHER,2022-11-07 00:00:00,2022-11-04 21:00:00,2022-11-15 21:00:00,1,t,t,890,2022-11-07 12:23:07.339405,890,2022-11-07 12:26:20.291802
88,ASSETS,2022-11-10 00:00:00,2022-11-08 21:00:00,2022-11-10 21:00:00,2,t,t,890,2022-11-10 13:43:03.533605,890,2022-11-10 13:44:35.558858
101,OTHER,2022-11-22 00:00:00,2022-11-20 21:00:00,2022-11-23 21:00:00,1,t,t,890,2022-11-22 09:47:38.303935,890,2022-11-22 09:48:05.864125
84,OTHER,2022-11-10 00:00:00,2022-11-08 21:00:00,2022-11-10 21:00:00,1,t,t,890,2022-11-10 08:27:08.229026,890,2022-11-10 08:27:19.719863
82,OTHER,2022-11-09 00:00:00,2022-11-07 21:00:00,2022-11-09 21:00:00,1,t,t,890,2022-11-09 14:33:18.808344,890,2022-11-09 14:33:25.47126
83,OTHER,2022-11-10 00:00:00,2022-11-08 21:00:00,2022-11-10 21:00:00,1,t,t,890,2022-11-10 08:24:42.235851,890,2022-11-10 08:24:54.496681
76,ASSETS,2022-11-07 00:00:00,2022-11-08 21:00:00,2022-11-10 21:00:00,2,t,t,890,2022-11-07 14:13:58.247044,890,2022-11-07 14:16:12.939059
77,OTHER,2022-11-08 00:00:00,2022-11-06 21:00:00,2022-12-07 21:00:00,1,t,t,890,2022-11-08 08:48:10.663597,890,2022-11-08 08:48:32.226619
78,ASSETS,2022-11-08 00:00:00,2022-11-08 21:00:00,2022-11-10 21:00:00,2,t,t,890,2022-11-08 10:07:39.643193,890,2022-11-08 10:09:01.536749
94,OTHER,2022-11-14 00:00:00,2022-11-05 21:00:00,2022-11-14 21:00:00,1,t,f,890,2022-11-14 14:32:22.103748,890,2022-11-14 14:32:45.358577
80,ASSETS,2022-11-09 00:00:00,2022-11-08 21:00:00,2022-11-10 21:00:00,2,t,t,890,2022-11-08 15:12:08.201014,890,2022-11-09 08:37:01.377931
108,OTHER,2022-11-28 00:00:00,2022-11-26 21:00:00,2022-11-28 21:00:00,1,t,t,890,2022-11-28 10:29:51.754054,890,2022-11-28 10:30:09.221387
79,OTHER,2022-11-08 00:00:00,2022-11-06 21:00:00,2022-11-08 21:00:00,1,t,t,890,2022-11-08 10:46:53.076576,890,2022-11-08 10:47:02.599996
102,OTHER,2022-11-23 00:00:00,2022-11-19 21:00:00,2022-12-22 21:00:00,1,t,t,890,2022-11-23 10:19:15.107463,890,2022-11-23 10:19:21.913771
109,OTHER,2022-11-29 00:00:00,2022-11-27 21:00:00,2022-12-29 21:00:00,1,t,t,890,2022-11-29 10:36:19.726477,890,2022-11-29 10:36:37.484494
81,OTHER,2022-11-09 00:00:00,2022-11-07 21:00:00,2022-11-09 21:00:00,1,t,t,890,2022-11-09 09:23:27.065937,890,2022-11-09 09:23:35.703625
103,OTHER,2022-11-23 00:00:00,2022-11-21 21:00:00,2022-11-23 21:00:00,1,t,t,890,2022-11-23 12:41:08.401091,890,2022-11-23 12:41:16.937275
116,OTHER,2022-12-01 00:00:00,2022-11-29 21:00:00,2022-12-12 21:00:00,1,t,t,890,2022-12-01 17:16:55.98869,890,2022-12-01 17:17:03.192383
95,OTHER,2022-11-17 00:00:00,2022-11-15 21:00:00,2022-11-17 21:00:00,1,t,t,890,2022-11-17 10:10:40.58125,890,2022-11-17 10:10:53.498184
96,OTHER,2022-11-18 00:00:00,2022-11-16 21:00:00,2022-11-18 21:00:00,1,t,t,890,2022-11-17 11:35:16.216163,890,2022-11-17 14:35:36.917958
98,OTHER,2022-11-21 00:00:00,2022-11-17 21:00:00,2022-11-21 21:00:00,1,t,t,890,2022-11-21 10:09:39.582293,890,2022-11-21 10:09:59.568263
99,OTHER,2022-11-21 00:00:00,2022-11-19 21:00:00,2022-11-21 21:00:00,2,t,t,890,2022-11-21 11:19:20.852522,890,2022-11-21 11:19:37.620132
85,OTHER,2022-11-10 00:00:00,2022-11-08 21:00:00,2022-11-10 21:00:00,1,t,t,890,2022-11-10 09:57:12.470868,890,2022-11-10 09:58:05.299902
89,OTHER,2022-11-10 00:00:00,2022-11-08 21:00:00,2022-11-10 21:00:00,1,t,t,890,2022-11-10 14:18:52.619348,890,2022-11-10 14:18:59.881585
90,OTHER,2022-11-11 00:00:00,2022-11-09 21:00:00,2022-11-22 21:00:00,1,t,t,890,2022-11-11 12:02:01.431328,890,2022-11-11 12:02:13.284982
97,OTHER,2022-11-18 00:00:00,2022-09-19 21:00:00,2022-11-01 21:00:00,1,t,t,890,2022-11-17 14:31:02.346756,890,2022-11-17 14:36:03.59039
127,OTHER,2022-12-06 00:00:00,2022-12-04 21:00:00,2022-12-06 21:00:00,1,t,t,890,2022-12-06 11:30:14.869696,890,2022-12-06 11:30:21.754283
91,OTHER,2022-11-11 00:00:00,2022-11-09 21:00:00,2022-11-11 21:00:00,1,t,t,890,2022-11-11 13:31:21.494342,890,2022-11-11 13:31:38.846893
122,OTHER,2022-12-05 00:00:00,2022-12-03 21:00:00,2022-12-05 21:00:00,2,t,t,890,2022-12-05 12:56:31.847864,890,2022-12-05 12:56:39.524331
105,OTHER,2022-11-25 00:00:00,2022-11-23 21:00:00,2022-11-25 21:00:00,1,t,t,890,2022-11-25 08:53:12.417807,890,2022-11-25 08:53:22.765347
104,OTHER,2022-11-24 00:00:00,2022-11-06 21:00:00,2022-11-24 21:00:00,1,t,t,890,2022-11-24 09:20:00.25103,890,2022-11-24 09:20:13.13477
106,OTHER,2022-11-25 00:00:00,2022-11-23 21:00:00,2022-12-25 21:00:00,1,t,f,890,2022-11-25 10:36:39.566778,890,2022-11-25 10:37:28.055975
117,OTHER,2022-12-02 00:00:00,2022-11-30 21:00:00,2022-12-02 21:00:00,2,t,t,890,2022-12-02 09:43:39.574048,890,2022-12-02 09:43:55.141489
112,OTHER,2022-11-30 00:00:00,2022-11-28 21:00:00,2022-11-30 21:00:00,1,t,t,890,2022-11-30 08:15:57.10659,890,2022-11-30 08:16:31.689193
119,OTHER,2022-12-02 00:00:00,2022-11-30 21:00:00,2022-12-02 21:00:00,1,t,t,890,2022-12-02 12:57:54.702039,890,2022-12-02 12:58:00.500074
111,OTHER,2022-11-30 00:00:00,2022-11-28 21:00:00,2022-11-30 21:00:00,1,t,t,890,2022-11-29 16:25:39.769895,890,2022-11-30 08:08:33.012802
113,OTHER,2022-11-30 00:00:00,2022-11-28 21:00:00,2022-11-30 21:00:00,1,t,t,890,2022-11-30 09:15:33.079765,890,2022-11-30 09:16:21.408063
129,OTHER,2022-12-07 00:00:00,2022-12-05 21:00:00,2022-12-07 21:00:00,1,t,t,890,2022-12-07 09:15:39.303019,890,2022-12-07 09:16:08.566053
110,OTHER,2022-11-29 00:00:00,2022-11-27 21:00:00,2022-12-12 21:00:00,1,t,t,890,2022-11-29 12:03:41.046371,890,2022-11-29 12:04:17.147174
124,OTHER,2022-12-06 00:00:00,2022-12-04 21:00:00,2022-12-06 21:00:00,1,t,t,890,2022-12-06 08:17:52.479256,890,2022-12-06 08:18:33.428978
130,OTHER,2022-12-07 00:00:00,2022-12-05 21:00:00,2022-12-07 21:00:00,2,t,t,890,2022-12-07 14:22:29.603061,890,2022-12-07 14:22:38.49683
125,OTHER,2022-12-06 00:00:00,2022-12-04 21:00:00,2022-12-06 21:00:00,2,t,t,890,2022-12-06 10:27:52.751173,890,2022-12-06 10:28:02.567824
120,OTHER,2022-12-02 00:00:00,2022-11-29 21:00:00,2022-12-16 21:00:00,1,t,t,890,2022-12-02 13:38:12.196708,890,2022-12-02 13:38:22.144653
121,OTHER,2022-12-05 00:00:00,2022-12-01 21:00:00,2022-12-05 21:00:00,1,t,t,890,2022-12-05 10:52:03.502855,890,2022-12-05 10:53:27.453157
123,OTHER,2022-12-05 00:00:00,2022-12-02 21:00:00,2022-12-05 21:00:00,1,t,t,890,2022-12-05 12:58:29.357709,890,2022-12-05 12:58:50.099092
126,OTHER,2022-12-06 00:00:00,2022-12-04 21:00:00,2022-12-07 21:00:00,1,t,t,890,2022-12-06 10:30:32.805985,890,2022-12-06 10:30:41.254334
131,ASSETS,2022-12-07 00:00:00,2022-12-08 21:00:00,2022-12-10 21:00:00,2,t,f,890,2022-12-07 14:46:49.722814,890,2022-12-07 14:47:15.889312
128,OTHER,2022-12-06 00:00:00,2022-12-04 21:00:00,2022-12-06 21:00:00,1,t,t,890,2022-12-06 11:53:21.81777,890,2022-12-06 11:53:29.430622
132,OTHER,2022-12-08 00:00:00,2022-12-06 21:00:00,2022-12-08 21:00:00,1,t,t,890,2022-12-08 09:33:50.573617,890,2022-12-08 09:33:58.630529
133,OTHER,2022-12-08 00:00:00,2022-11-29 21:00:00,2022-12-21 21:00:00,1,t,t,890,2022-12-08 11:46:35.667733,890,2022-12-08 11:46:45.514404
134,OTHER,2022-12-09 00:00:00,2022-12-07 21:00:00,2023-01-07 21:00:00,1,t,t,890,2022-12-09 08:14:54.181308,890,2022-12-09 08:15:08.125696
135,OTHER,2022-12-12 00:00:00,2022-12-08 21:00:00,2022-12-12 21:00:00,1,t,t,890,2022-12-12 09:55:30.299659,890,2022-12-12 09:55:50.124073
136,ASSETS,2022-12-12 00:00:00,2022-12-08 21:00:00,2022-12-10 21:00:00,2,t,f,890,2022-12-12 12:21:44.791933,890,2022-12-12 12:21:58.697298
137,OTHER,2022-12-12 00:00:00,2022-12-10 21:00:00,2022-12-12 21:00:00,1,t,t,890,2022-12-12 12:30:18.768825,890,2022-12-12 12:42:37.794502
138,OTHER,2022-12-13 00:00:00,2022-12-11 21:00:00,2023-01-11 21:00:00,1,t,t,890,2022-12-13 09:23:18.456403,890,2022-12-13 09:27:03.537077
163,OTHER,2022-12-20 00:00:00,2022-12-18 21:00:00,2022-12-20 21:00:00,1,t,t,890,2022-12-20 08:25:49.38886,890,2022-12-20 08:32:03.496242
141,OTHER,2022-12-13 00:00:00,2022-12-11 21:00:00,2022-12-13 21:00:00,1,t,t,890,2022-12-13 12:21:39.016036,890,2022-12-13 12:21:49.568258
161,OTHER,2022-12-19 00:00:00,2022-12-17 21:00:00,2022-12-19 21:00:00,1,t,t,1406,2022-12-19 09:45:32.489354,890,2022-12-19 09:48:09.067377
162,OTHER,2022-12-19 00:00:00,2022-12-17 21:00:00,2022-12-19 21:00:00,1,t,t,1406,2022-12-19 14:11:36.301127,1406,2022-12-19 14:12:41.527009
150,OTHER,2022-12-15 00:00:00,2022-12-10 21:00:00,2022-12-20 21:00:00,1,t,t,1406,2022-12-15 09:42:14.126663,890,2022-12-15 09:57:45.481787
157,OTHER,2022-12-16 00:00:00,2022-12-18 21:00:00,2022-12-20 21:00:00,1,t,t,890,2022-12-16 11:16:02.687261,890,2022-12-16 11:19:25.71981
151,ASSETS,2022-12-15 00:00:00,2023-01-07 21:00:00,2023-01-10 21:00:00,2,t,t,1406,2022-12-15 14:36:54.341141,890,2022-12-15 14:38:38.901464
152,OTHER,2022-12-15 00:00:00,2022-12-13 21:00:00,2022-12-20 21:00:00,1,t,t,890,2022-12-15 15:02:59.325259,890,2022-12-15 15:03:53.064425
164,OTHER,2022-12-20 00:00:00,2022-12-18 21:00:00,2022-12-20 21:00:00,1,t,t,890,2022-12-20 08:47:33.810247,890,2022-12-20 08:48:17.650568
165,OTHER,2022-12-20 00:00:00,2022-12-18 21:00:00,2022-12-20 21:00:00,1,t,t,890,2022-12-20 10:14:47.982849,890,2022-12-20 10:15:01.951891
166,OTHER,2022-12-20 00:00:00,2022-12-17 21:00:00,2022-12-21 21:00:00,2,t,t,890,2022-12-20 10:23:19.178447,890,2022-12-20 10:23:28.837744
156,OTHER,2022-12-16 00:00:00,2022-11-19 21:00:00,2022-12-21 21:00:00,1,t,t,890,2022-12-16 10:32:37.798296,890,2022-12-16 10:33:00.341815
159,OTHER,2022-12-19 00:00:00,2022-12-17 21:00:00,2022-12-19 21:00:00,2,t,t,1406,2022-12-19 08:46:21.407665,890,2022-12-19 09:04:08.422958
143,ASSETS,2022-12-14 00:00:00,2022-10-07 21:00:00,2022-11-10 21:00:00,2,t,t,890,2022-12-13 16:58:34.091431,890,2022-12-14 08:30:55.99134
142,OTHER,2022-12-13 00:00:00,2022-12-11 21:00:00,2023-01-11 21:00:00,1,t,t,890,2022-12-13 12:36:05.114653,890,2022-12-13 12:36:22.404625
144,OTHER,2022-12-14 00:00:00,2022-12-12 21:00:00,2022-12-14 21:00:00,1,t,t,890,2022-12-14 08:30:24.074405,890,2022-12-14 08:31:32.057813
160,OTHER,2022-12-19 00:00:00,2022-12-17 21:00:00,2022-12-21 21:00:00,1,t,t,1406,2022-12-19 09:24:07.791464,890,2022-12-19 09:30:33.030627
153,OTHER,2022-12-15 00:00:00,2022-12-13 21:00:00,2022-12-15 21:00:00,2,t,t,890,2022-12-15 15:17:19.069039,890,2022-12-15 15:17:28.392502
145,OTHER,2022-12-14 00:00:00,2022-12-13 21:00:00,2022-12-16 21:00:00,1,t,t,1406,2022-12-14 12:00:12.930722,890,2022-12-14 12:05:24.251916
154,OTHER,2022-12-16 00:00:00,2022-12-14 21:00:00,2022-12-26 21:00:00,1,t,t,890,2022-12-16 08:55:26.379505,890,2022-12-16 08:55:35.257328
155,ASSETS,2022-12-16 00:00:00,2022-11-08 21:00:00,2022-11-10 21:00:00,2,t,t,890,2022-12-16 10:02:14.153307,890,2022-12-16 10:04:49.434684
158,OTHER,2022-12-19 00:00:00,2022-12-17 21:00:00,2022-12-19 21:00:00,1,t,t,1406,2022-12-19 08:19:47.377041,890,2022-12-19 08:24:11.543435
172,OTHER,2022-12-21 00:00:00,2022-12-19 21:00:00,2022-12-21 21:00:00,1,t,t,890,2022-12-21 11:24:26.947237,890,2022-12-21 11:26:10.793504
188,OTHER,2023-01-04 00:00:00,2023-01-01 21:00:00,2023-01-04 21:00:00,1,t,t,1406,2023-01-04 13:10:33.332923,890,2023-01-04 13:12:25.065412
147,ASSETS,2022-12-14 00:00:00,2023-01-07 21:00:00,2023-01-10 21:00:00,2,t,t,890,2022-12-14 15:34:35.566566,890,2022-12-14 15:53:07.925971
149,ASSETS,2022-12-15 00:00:00,2023-01-08 21:00:00,2023-01-10 21:00:00,2,t,t,890,2022-12-15 09:35:43.942764,890,2022-12-15 09:35:54.805193
148,OTHER,2022-12-15 00:00:00,2022-12-15 21:00:00,2022-12-20 21:00:00,1,t,t,890,2022-12-15 08:48:05.554941,890,2022-12-15 08:48:39.177837
173,OTHER,2022-12-22 00:00:00,2022-12-20 21:00:00,2022-12-22 21:00:00,1,t,t,890,2022-12-22 08:47:45.533439,890,2022-12-22 08:48:09.152081
189,OTHER,2023-01-05 00:00:00,2023-01-03 21:00:00,2023-01-05 21:00:00,1,t,t,890,2023-01-05 09:42:44.35848,890,2023-01-05 09:47:24.940801
174,OTHER,2022-12-22 00:00:00,2022-12-25 21:00:00,2022-12-31 21:00:00,1,t,t,890,2022-12-22 08:59:54.087153,890,2022-12-22 09:00:09.082762
176,OTHER,2022-12-22 00:00:00,2022-12-20 21:00:00,2022-12-22 21:00:00,1,t,t,890,2022-12-22 11:40:10.282587,890,2022-12-22 11:40:21.696493
146,ASSETS,2022-12-14 00:00:00,2023-01-08 21:00:00,2023-01-10 21:00:00,2,t,t,890,2022-12-14 15:19:49.76068,890,2022-12-14 15:20:47.722766
182,ASSETS,2022-12-23 00:00:00,2023-01-08 21:00:00,2023-01-10 21:00:00,2,t,t,890,2022-12-23 11:13:43.630066,890,2022-12-23 11:13:54.987623
175,OTHER,2022-12-22 00:00:00,2022-12-20 21:00:00,2022-12-22 21:00:00,1,t,t,890,2022-12-22 09:01:15.190009,890,2022-12-22 09:01:52.057749
186,OTHER,2023-01-03 00:00:00,2022-12-31 21:00:00,2023-01-03 21:00:00,1,t,t,890,2023-01-03 09:48:30.875841,890,2023-01-03 09:48:38.59693
177,OTHER,2022-12-22 00:00:00,2022-12-23 21:00:00,2022-12-31 21:00:00,1,t,t,890,2022-12-22 12:11:26.109512,890,2022-12-22 12:11:42.018423
170,OTHER,2022-12-21 00:00:00,2022-12-16 21:00:00,2023-01-20 21:00:00,1,t,t,1406,2022-12-21 09:57:20.142498,890,2022-12-21 10:24:14.463726
167,OTHER,2022-12-20 00:00:00,2022-12-18 21:00:00,2022-12-20 21:00:00,1,t,t,890,2022-12-20 12:54:52.145043,890,2022-12-20 12:55:16.96718
171,OTHER,2022-12-21 00:00:00,2022-12-13 21:00:00,2022-12-15 21:00:00,1,t,t,890,2022-12-21 10:25:41.471826,890,2022-12-21 10:25:50.781025
192,OTHER,2023-01-06 00:00:00,2023-01-04 21:00:00,2023-01-06 21:00:00,1,t,t,890,2023-01-06 08:47:58.433184,890,2023-01-06 08:48:18.127852
178,OTHER,2022-12-22 00:00:00,2022-12-20 21:00:00,2022-12-22 21:00:00,1,t,t,890,2022-12-22 13:49:39.806181,890,2022-12-22 13:49:57.21787
184,OTHER,2022-12-23 00:00:00,2022-12-21 21:00:00,2022-12-23 21:00:00,1,t,t,1406,2022-12-23 15:05:58.278044,890,2022-12-23 15:07:26.302052
183,ASSETS,2022-12-23 00:00:00,2023-01-08 21:00:00,2023-01-10 21:00:00,2,t,t,890,2022-12-23 13:01:33.088824,890,2022-12-23 13:02:41.579054
179,OTHER,2022-12-23 00:00:00,2022-12-21 21:00:00,2023-01-06 21:00:00,1,t,t,890,2022-12-23 09:42:13.631335,890,2022-12-23 09:43:47.894971
180,ASSETS,2022-12-23 00:00:00,2023-01-08 21:00:00,2023-01-10 21:00:00,2,t,t,890,2022-12-23 10:48:23.545976,890,2022-12-23 10:53:42.689886
181,OTHER,2022-12-23 00:00:00,2022-12-21 21:00:00,2022-12-23 21:00:00,1,t,t,1406,2022-12-23 10:59:09.201266,890,2022-12-23 11:00:35.273792
185,OTHER,2023-01-02 00:00:00,2022-12-30 21:00:00,2023-01-02 21:00:00,1,t,t,890,2023-01-02 12:20:53.826416,890,2023-01-02 12:21:28.572934
187,OTHER,2023-01-04 00:00:00,2023-01-02 21:00:00,2023-02-02 21:00:00,1,t,t,890,2023-01-04 10:23:37.004594,890,2023-01-04 10:24:05.043485
193,OTHER,2023-01-06 00:00:00,2023-01-04 21:00:00,2023-01-07 21:00:00,1,t,t,890,2023-01-06 10:03:49.298623,890,2023-01-06 10:04:03.759618
198,OTHER,2023-01-10 00:00:00,2023-01-08 21:00:00,2023-01-10 21:00:00,1,t,t,890,2023-01-10 09:01:58.585055,890,2023-01-10 09:03:12.150747
191,OTHER,2023-01-05 00:00:00,2023-01-03 21:00:00,2023-01-05 21:00:00,1,t,t,890,2023-01-05 14:14:43.089008,890,2023-01-05 14:14:51.050827
190,OTHER,2023-01-05 00:00:00,2023-01-03 21:00:00,2023-01-05 21:00:00,1,t,t,890,2023-01-05 09:46:05.200628,890,2023-01-05 09:48:47.366512
208,OTHER,2023-01-11 00:00:00,2023-01-08 21:00:00,2023-01-11 21:00:00,1,t,t,890,2023-01-11 12:32:25.445284,890,2023-01-11 12:32:37.042466
196,OTHER,2023-01-09 00:00:00,2023-01-07 21:00:00,2023-02-07 21:00:00,1,t,t,890,2023-01-09 09:44:38.261542,890,2023-01-09 09:45:32.09178
194,ASSETS,2023-01-06 00:00:00,2023-01-08 21:00:00,2023-01-10 21:00:00,2,t,t,890,2023-01-06 10:42:18.410685,890,2023-01-06 10:43:42.590915
199,OTHER,2023-01-10 00:00:00,2023-01-08 21:00:00,2023-01-10 21:00:00,2,t,t,890,2023-01-10 09:11:48.063787,890,2023-01-10 09:15:30.200234
202,ASSETS,2023-01-10 00:00:00,2023-01-08 21:00:00,2023-01-10 21:00:00,2,t,t,890,2023-01-10 11:41:11.703875,890,2023-01-10 11:41:23.904737
195,OTHER,2023-01-06 00:00:00,2023-01-04 21:00:00,2023-01-06 21:00:00,1,t,t,890,2023-01-06 13:04:41.946075,890,2023-01-06 13:04:49.11898
201,OTHER,2023-01-10 00:00:00,2023-01-08 21:00:00,2023-01-10 21:00:00,1,t,t,890,2023-01-10 11:15:37.287064,890,2023-01-10 11:15:44.149056
197,ASSETS,2023-01-10 00:00:00,2022-11-03 21:00:00,2022-11-10 21:00:00,2,t,t,890,2023-01-09 10:58:48.964737,890,2023-01-10 11:42:53.082767
200,OTHER,2023-01-10 00:00:00,2023-01-08 21:00:00,2023-01-10 21:00:00,1,t,t,890,2023-01-10 09:35:00.205808,890,2023-01-10 09:35:10.043669
205,OTHER,2023-01-11 00:00:00,2023-01-09 21:00:00,2023-02-09 21:00:00,1,t,t,890,2023-01-11 08:45:25.899691,890,2023-01-11 08:45:41.522033
204,ASSETS,2023-01-10 00:00:00,2023-01-08 21:00:00,2023-01-10 21:00:00,1,t,t,890,2023-01-10 12:51:35.999798,890,2023-01-10 12:51:51.858781
203,OTHER,2023-01-10 00:00:00,2023-01-08 21:00:00,2023-01-10 21:00:00,1,t,t,890,2023-01-10 12:49:55.080019,890,2023-01-10 12:50:15.571887
206,ASSETS,2023-01-11 00:00:00,2023-02-08 21:00:00,2023-02-10 21:00:00,2,t,t,890,2023-01-11 10:00:41.587051,890,2023-01-11 10:00:53.930883
207,ASSETS,2023-01-11 00:00:00,2023-02-08 21:00:00,2023-02-10 21:00:00,2,t,t,890,2023-01-11 11:33:37.63978,890,2023-01-11 11:48:34.28338
242,OTHER,2023-01-31 00:00:00,2023-02-11 21:00:00,2023-02-13 21:00:00,1,t,t,1406,2023-01-31 14:25:07.03642,1406,2023-01-31 14:25:14.940485
225,OTHER,2023-01-20 00:00:00,2023-01-18 21:00:00,2023-01-20 21:00:00,1,t,t,890,2023-01-20 14:59:33.341682,890,2023-01-20 15:01:00.89976
217,ASSETS,2023-01-19 00:00:00,2022-09-28 21:00:00,2022-12-31 21:00:00,2,t,t,890,2023-01-18 17:41:21.803716,890,2023-01-19 09:39:20.443499
218,ASSETS,2023-01-19 00:00:00,2022-12-30 21:00:00,2023-03-31 21:00:00,2,t,t,890,2023-01-19 09:22:40.495166,890,2023-01-19 09:39:55.84813
219,OTHER,2023-01-19 00:00:00,2023-01-17 21:00:00,2023-01-19 21:00:00,2,t,t,890,2023-01-19 09:38:49.499065,890,2023-01-19 09:40:35.803333
226,OTHER,2023-01-20 00:00:00,2023-01-18 21:00:00,2023-01-20 21:00:00,1,t,t,890,2023-01-20 15:00:01.073234,890,2023-01-20 15:01:17.46114
227,OTHER,2023-01-20 00:00:00,2023-01-18 21:00:00,2023-01-20 21:00:00,1,t,t,890,2023-01-20 15:00:26.100291,890,2023-01-20 15:01:32.137889
235,OTHER,2023-01-27 00:00:00,2023-01-25 21:00:00,2023-02-25 21:00:00,1,t,t,890,2023-01-27 09:11:34.305562,890,2023-01-27 09:13:14.441905
221,OTHER,2023-01-19 00:00:00,2023-01-17 21:00:00,2023-01-19 21:00:00,2,t,t,890,2023-01-19 12:12:35.029477,890,2023-01-19 12:13:23.533472
220,ASSETS,2023-01-19 00:00:00,2022-10-30 21:00:00,2023-03-31 21:00:00,2,t,t,890,2023-01-19 12:11:42.196728,890,2023-01-19 12:12:58.579369
228,OTHER,2023-01-23 00:00:00,2023-01-19 21:00:00,2023-01-23 21:00:00,1,t,t,890,2023-01-23 10:29:00.416805,890,2023-01-23 10:29:07.277553
236,OTHER,2023-01-27 00:00:00,2023-01-25 21:00:00,2023-01-27 21:00:00,1,t,t,890,2023-01-27 12:59:43.088224,890,2023-01-27 12:59:51.147168
211,OTHER,2023-01-12 00:00:00,2023-01-05 21:00:00,2023-01-13 21:00:00,1,t,t,1406,2023-01-12 13:00:02.951963,1406,2023-01-12 15:04:54.239415
210,OTHER,2023-01-12 00:00:00,2022-11-29 21:00:00,2022-12-30 21:00:00,1,t,t,890,2023-01-12 11:59:35.203076,890,2023-01-12 11:59:49.83584
209,OTHER,2023-01-12 00:00:00,2023-01-10 21:00:00,2023-01-12 21:00:00,1,t,t,890,2023-01-12 10:02:31.397371,890,2023-01-12 10:02:48.357633
229,OTHER,2023-01-24 00:00:00,2023-01-22 21:00:00,2023-01-24 21:00:00,1,t,t,890,2023-01-24 10:00:49.918115,890,2023-01-24 10:01:36.03896
212,OTHER,2023-01-13 00:00:00,2023-01-11 21:00:00,2023-01-13 21:00:00,1,t,t,1406,2023-01-13 10:02:50.705201,1406,2023-01-13 10:03:05.807583
259,OTHER,2023-02-09 00:00:00,2023-01-06 21:00:00,2023-02-08 21:00:00,1,t,t,1406,2023-02-09 08:46:47.158889,1406,2023-02-09 08:48:06.23505
222,ASSETS,2023-01-20 00:00:00,2022-09-29 21:00:00,2023-03-31 21:00:00,2,t,t,890,2023-01-19 14:59:11.824085,890,2023-01-19 14:59:25.960294
216,OTHER,2023-01-18 00:00:00,2023-01-16 21:00:00,2023-01-18 21:00:00,2,t,t,890,2023-01-18 14:44:38.521325,890,2023-01-18 14:44:48.870048
243,OTHER,2023-02-01 00:00:00,2023-01-30 21:00:00,2023-02-01 21:00:00,1,t,t,1406,2023-02-01 11:53:01.187334,1406,2023-02-01 11:54:19.691258
214,OTHER,2023-01-18 00:00:00,2023-01-16 21:00:00,2023-01-18 21:00:00,1,t,t,890,2023-01-18 12:04:27.04862,890,2023-01-18 12:04:34.171607
244,OTHER,2023-02-01 00:00:00,2023-01-30 21:00:00,2023-02-13 21:00:00,1,t,t,1406,2023-02-01 11:57:40.746898,1406,2023-02-01 11:57:51.180269
213,OTHER,2023-01-17 00:00:00,2023-01-15 21:00:00,2023-01-17 21:00:00,1,t,t,890,2023-01-17 10:22:41.259859,890,2023-01-17 10:23:22.625149
237,OTHER,2023-01-30 00:00:00,2023-01-26 21:00:00,2023-01-30 21:00:00,1,t,t,890,2023-01-30 10:41:52.788866,890,2023-01-30 12:50:29.619232
215,OTHER,2023-01-18 00:00:00,2023-01-16 21:00:00,2023-01-18 21:00:00,1,t,t,890,2023-01-18 14:14:42.169827,890,2023-01-18 14:14:54.165511
238,OTHER,2023-01-30 00:00:00,2023-01-28 21:00:00,2023-01-30 21:00:00,1,t,t,1406,2023-01-30 14:19:36.976748,890,2023-01-30 14:26:22.846301
270,OTHER,2023-02-14 00:00:00,2022-12-20 21:00:00,2022-12-22 21:00:00,1,t,t,1406,2023-02-14 14:39:37.079426,1406,2023-02-14 14:53:08.183192
230,OTHER,2023-01-24 00:00:00,2023-01-22 21:00:00,2023-01-26 21:00:00,1,t,t,890,2023-01-24 10:26:51.903793,890,2023-01-24 10:26:58.634291
239,OTHER,2023-01-31 00:00:00,2023-01-29 21:00:00,2023-01-31 21:00:00,1,t,t,890,2023-01-31 10:08:03.019434,890,2023-01-31 10:09:05.688529
232,OTHER,2023-01-25 00:00:00,2023-01-06 21:00:00,2023-01-08 21:00:00,1,t,t,890,2023-01-25 10:31:02.20817,890,2023-01-25 10:31:10.385503
231,OTHER,2023-01-25 00:00:00,2023-01-23 21:00:00,2023-02-24 21:00:00,1,t,t,890,2023-01-25 10:29:51.12144,890,2023-01-25 10:30:02.386651
258,OTHER,2023-02-08 00:00:00,2023-02-06 21:00:00,2023-02-08 21:00:00,1,t,t,1406,2023-02-07 17:52:13.865992,1406,2023-02-08 08:10:05.472666
233,OTHER,2023-01-25 00:00:00,2023-01-23 21:00:00,2023-01-25 21:00:00,1,t,t,1406,2023-01-25 11:17:18.809527,1406,2023-01-25 11:17:37.905532
260,OTHER,2023-02-09 00:00:00,2023-02-07 21:00:00,2023-02-09 21:00:00,1,t,t,1406,2023-02-09 09:03:12.533311,1406,2023-02-09 09:03:20.026441
234,ASSETS,2023-01-26 00:00:00,2022-11-08 21:00:00,2022-11-10 21:00:00,2,t,t,890,2023-01-26 10:09:35.299442,890,2023-01-26 10:09:48.165565
261,OTHER,2023-02-09 00:00:00,2023-01-20 21:00:00,2023-01-22 21:00:00,1,t,t,1406,2023-02-09 09:22:49.6426,1406,2023-02-09 09:22:57.178211
240,OTHER,2023-01-31 00:00:00,2023-01-28 21:00:00,2023-01-31 21:00:00,1,t,t,1406,2023-01-31 11:50:35.323249,1406,2023-01-31 11:56:54.489081
241,OTHER,2023-01-31 00:00:00,2023-01-29 21:00:00,2023-01-31 21:00:00,1,t,t,1406,2023-01-31 13:47:22.033549,1406,2023-01-31 13:47:32.636268
265,OTHER,2023-02-10 00:00:00,2023-02-08 21:00:00,2023-02-10 21:00:00,1,t,t,1406,2023-02-10 15:19:37.4596,1406,2023-02-10 15:22:28.970414
247,OTHER,2023-02-02 00:00:00,2023-01-31 21:00:00,2023-02-02 21:00:00,1,t,t,1406,2023-02-02 10:41:55.058647,1406,2023-02-02 10:42:02.174076
248,OTHER,2023-02-02 00:00:00,2023-03-02 21:00:00,2023-03-04 21:00:00,1,t,t,1406,2023-02-02 10:52:13.444494,1406,2023-02-02 10:52:19.70469
246,OTHER,2023-02-02 00:00:00,2023-01-31 21:00:00,2023-02-02 21:00:00,2,t,t,1406,2023-02-02 10:40:47.184836,1406,2023-02-02 10:41:01.865807
252,OTHER,2023-02-06 00:00:00,2023-02-04 21:00:00,2023-02-06 21:00:00,1,t,t,1406,2023-02-06 12:12:32.221503,1406,2023-02-06 12:12:39.146227
256,OTHER,2023-02-07 00:00:00,2023-02-05 21:00:00,2023-02-07 21:00:00,1,t,t,1406,2023-02-06 16:54:05.094322,1406,2023-02-07 07:42:12.451182
257,ASSETS,2023-02-07 00:00:00,2023-02-08 21:00:00,2023-02-10 21:00:00,2,t,t,1406,2023-02-06 17:10:49.868785,1406,2023-02-07 07:41:54.273959
266,OTHER,2023-02-10 00:00:00,2023-02-08 21:00:00,2023-02-10 21:00:00,1,t,t,1406,2023-02-10 15:35:29.91444,1406,2023-02-10 15:35:39.213245
254,OTHER,2023-02-06 00:00:00,2023-02-03 21:00:00,2023-02-05 21:00:00,1,t,t,1406,2023-02-06 15:06:50.189872,1406,2023-02-06 15:06:57.210976
255,OTHER,2023-02-06 00:00:00,2023-02-03 21:00:00,2023-02-06 21:00:00,1,t,t,1406,2023-02-06 15:14:44.410211,1406,2023-02-06 15:14:55.852263
253,OTHER,2023-02-06 00:00:00,2023-02-04 21:00:00,2023-02-06 21:00:00,1,t,t,1406,2023-02-06 14:49:06.61448,1406,2023-02-06 14:49:24.579732
264,OTHER,2023-02-10 00:00:00,2023-02-08 21:00:00,2023-02-10 21:00:00,1,t,t,1406,2023-02-10 15:05:19.163928,1406,2023-02-10 15:05:29.834029
251,OTHER,2023-02-06 00:00:00,2023-02-04 21:00:00,2023-02-06 21:00:00,1,t,t,1406,2023-02-06 11:06:47.494385,1406,2023-02-06 11:06:57.942455
263,OTHER,2023-02-10 00:00:00,2023-02-08 21:00:00,2023-02-10 21:00:00,1,t,t,1406,2023-02-10 10:15:27.349508,1406,2023-02-10 10:15:36.017269
249,ASSETS,2023-02-10 00:00:00,2023-02-07 21:00:00,2023-02-10 21:00:00,2,t,t,890,2023-02-03 08:52:58.544602,1406,2023-02-10 15:42:33.287625
262,OTHER,2023-02-10 00:00:00,2023-02-08 21:00:00,2023-02-10 21:00:00,1,t,t,1406,2023-02-10 08:32:52.449373,1406,2023-02-10 08:34:02.649805
250,OTHER,2023-02-06 00:00:00,2023-02-04 21:00:00,2023-02-07 21:00:00,1,t,t,1406,2023-02-06 10:19:22.264728,1406,2023-02-06 10:19:45.746095
267,OTHER,2023-02-13 00:00:00,2023-02-10 21:00:00,2023-02-13 21:00:00,1,t,t,1406,2023-02-13 14:01:44.177046,1406,2023-02-13 14:01:56.809359
268,OTHER,2023-02-13 00:00:00,2023-02-11 21:00:00,2023-02-13 21:00:00,1,t,t,1406,2023-02-13 14:11:22.242334,1406,2023-02-13 14:11:30.166414
269,OTHER,2023-02-14 00:00:00,2022-12-30 21:00:00,2023-02-28 21:00:00,1,t,t,1406,2023-02-14 14:25:10.763164,1406,2023-02-14 14:28:06.167161
274,OTHER,2023-02-17 00:00:00,2023-02-15 21:00:00,2023-02-17 21:00:00,1,t,t,1406,2023-02-17 12:20:24.193969,1406,2023-02-17 12:20:36.41498
273,OTHER,2023-02-16 00:00:00,2022-11-29 21:00:00,2023-02-16 21:00:00,1,t,t,1406,2023-02-16 12:04:15.814289,1406,2023-02-16 12:06:32.278719
271,OTHER,2023-02-15 00:00:00,2023-02-13 21:00:00,2023-02-15 21:00:00,1,t,t,1406,2023-02-15 11:35:53.295839,1406,2023-02-15 11:56:55.026455
276,OTHER,2023-02-17 00:00:00,2023-02-14 21:00:00,2023-02-17 21:00:00,1,t,t,1406,2023-02-17 14:36:05.786461,1406,2023-02-17 14:36:17.195962
275,OTHER,2023-02-17 00:00:00,2023-02-15 21:00:00,2023-02-17 21:00:00,1,t,t,1406,2023-02-17 14:30:07.527017,1406,2023-02-17 14:30:19.214494
278,OTHER,2023-02-22 00:00:00,2022-12-20 21:00:00,2023-02-22 21:00:00,1,t,t,1406,2023-02-22 13:35:15.145742,1406,2023-02-22 13:38:50.479986
277,OTHER,2023-02-22 00:00:00,2023-02-20 21:00:00,2023-02-22 21:00:00,2,t,t,1406,2023-02-22 13:30:30.899608,1406,2023-02-22 13:30:40.283938
289,OTHER,2023-02-27 00:00:00,2023-02-25 21:00:00,2023-02-27 21:00:00,1,t,t,1406,2023-02-27 14:13:27.464992,1406,2023-02-27 14:13:36.751545
337,OTHER,2023-03-27 00:00:00,2023-03-23 21:00:00,2023-03-27 21:00:00,1,t,t,1406,2023-03-27 10:53:29.509794,1406,2023-03-27 10:53:50.522555
321,OTHER,2023-03-15 00:00:00,2023-03-13 21:00:00,2023-03-15 21:00:00,1,t,t,1406,2023-03-15 10:01:59.65194,1406,2023-03-15 10:02:17.34809
280,OTHER,2023-02-23 00:00:00,2023-02-20 21:00:00,2023-02-23 21:00:00,1,t,t,1406,2023-02-23 13:37:38.315289,1406,2023-02-23 13:37:45.515162
291,OTHER,2023-02-28 00:00:00,2023-02-26 21:00:00,2023-02-28 21:00:00,1,t,t,1406,2023-02-28 11:35:06.86846,1406,2023-02-28 11:35:13.858078
292,OTHER,2023-02-28 00:00:00,2023-02-26 21:00:00,2023-02-28 21:00:00,1,t,t,1406,2023-02-28 13:26:16.185512,1406,2023-02-28 13:26:25.418054
281,OTHER,2023-02-23 00:00:00,2023-02-21 21:00:00,2023-02-23 21:00:00,1,t,t,1406,2023-02-23 14:58:11.080295,1406,2023-02-23 14:58:45.062349
301,OTHER,2023-03-03 00:00:00,2023-03-01 21:00:00,2023-03-03 21:00:00,1,t,t,1406,2023-03-03 12:16:59.490856,1406,2023-03-03 12:17:07.118329
283,OTHER,2023-02-24 00:00:00,2023-02-20 21:00:00,2023-02-22 21:00:00,1,t,t,1406,2023-02-24 10:04:07.337553,1406,2023-02-24 10:04:17.310238
282,OTHER,2023-02-24 00:00:00,2023-02-20 21:00:00,2023-03-31 21:00:00,1,t,t,1406,2023-02-24 09:59:06.717515,1406,2023-02-24 09:59:40.983124
279,OTHER,2023-02-23 00:00:00,2023-02-21 21:00:00,2023-02-23 21:00:00,1,t,t,1406,2023-02-23 12:14:25.221512,1406,2023-02-23 12:14:37.262962
315,OTHER,2023-03-10 00:00:00,2023-03-08 21:00:00,2023-03-10 21:00:00,2,t,t,1406,2023-03-10 12:42:34.491178,1406,2023-03-10 12:42:41.873966
316,OTHER,2023-03-10 00:00:00,2023-01-27 21:00:00,2023-03-10 21:00:00,1,t,t,1406,2023-03-10 12:55:06.662777,1406,2023-03-10 13:22:36.862061
286,OTHER,2023-02-27 00:00:00,2023-02-25 21:00:00,2023-02-27 21:00:00,1,t,t,1406,2023-02-27 09:56:45.847965,1406,2023-02-27 09:56:51.840751
294,OTHER,2023-03-01 00:00:00,2023-02-27 21:00:00,2023-03-01 21:00:00,1,t,t,1406,2023-03-01 12:00:36.054481,1406,2023-03-01 12:00:47.820337
293,OTHER,2023-03-01 00:00:00,2023-02-27 21:00:00,2023-03-01 21:00:00,1,t,t,1406,2023-03-01 11:45:42.988756,1406,2023-03-01 11:45:49.247308
318,ASSETS,2023-03-10 00:00:00,2023-03-08 21:00:00,2023-03-10 21:00:00,2,t,t,1406,2023-03-10 15:36:08.889198,1406,2023-03-10 15:37:34.291933
322,OTHER,2023-03-15 00:00:00,2023-03-13 21:00:00,2023-03-15 21:00:00,1,t,t,1406,2023-03-15 12:15:38.150636,1406,2023-03-15 12:19:41.789728
285,OTHER,2023-02-27 00:00:00,2023-02-23 21:00:00,2023-02-28 21:00:00,1,t,t,1406,2023-02-27 08:59:21.046491,1406,2023-02-27 11:23:59.72794
287,OTHER,2023-02-27 00:00:00,2023-02-23 21:00:00,2023-02-28 21:00:00,1,t,t,1406,2023-02-27 11:23:18.919057,1406,2023-02-27 11:23:28.052858
290,OTHER,2023-02-27 00:00:00,2023-02-23 21:00:00,2023-02-27 21:00:00,1,t,t,1406,2023-02-27 14:43:24.956747,1406,2023-02-27 14:43:34.461959
295,OTHER,2023-03-01 00:00:00,2023-02-27 21:00:00,2023-03-01 21:00:00,1,t,t,1406,2023-03-01 14:05:20.759371,1406,2023-03-01 14:05:34.275756
288,OTHER,2023-02-27 00:00:00,2023-02-25 21:00:00,2023-02-27 21:00:00,1,t,t,1406,2023-02-27 12:16:39.196163,1406,2023-02-27 12:16:45.539544
304,OTHER,2023-03-06 00:00:00,2023-02-26 21:00:00,2023-03-13 21:00:00,1,t,t,1406,2023-03-06 14:32:09.114494,1406,2023-03-06 14:36:01.456662
325,OTHER,2023-03-17 00:00:00,2018-08-19 21:00:00,2023-03-17 21:00:00,2,t,t,1406,2023-03-17 09:46:37.519831,1406,2023-03-17 11:23:28.224466
303,OTHER,2023-03-06 00:00:00,2023-03-04 21:00:00,2023-03-06 21:00:00,1,t,t,1406,2023-03-06 10:57:21.935522,1406,2023-03-06 10:57:30.907844
326,OTHER,2023-03-17 00:00:00,2023-03-15 21:00:00,2023-03-17 21:00:00,1,t,t,1406,2023-03-17 11:23:10.481818,1406,2023-03-17 11:24:25.809946
299,OTHER,2023-03-02 00:00:00,2023-02-28 21:00:00,2023-03-02 21:00:00,2,t,t,1406,2023-03-02 12:22:33.733562,1406,2023-03-02 12:22:44.145682
298,OTHER,2023-03-02 00:00:00,2023-02-28 21:00:00,2023-03-02 21:00:00,1,t,t,1406,2023-03-02 10:50:52.243373,1406,2023-03-02 10:50:59.004348
320,OTHER,2023-03-13 00:00:00,2023-03-11 21:00:00,2023-03-13 21:00:00,1,t,t,1406,2023-03-13 13:32:58.617149,1406,2023-03-13 13:33:06.570028
309,ASSETS,2023-03-07 00:00:00,2023-03-04 21:00:00,2023-03-10 21:00:00,2,t,t,1406,2023-03-07 14:20:07.619839,1406,2023-03-07 14:20:14.835943
300,OTHER,2023-03-02 00:00:00,2023-02-28 21:00:00,2023-03-02 21:00:00,1,t,t,1406,2023-03-02 14:12:11.302131,1406,2023-03-02 14:12:18.092384
334,OTHER,2023-03-23 00:00:00,2023-03-04 21:00:00,2023-03-23 21:00:00,1,t,t,1406,2023-03-23 10:31:02.5088,1406,2023-03-23 10:31:21.119194
308,OTHER,2023-03-07 00:00:00,2023-03-04 21:00:00,2023-03-07 21:00:00,1,t,t,1406,2023-03-07 14:17:59.326795,1406,2023-03-07 14:18:07.113901
306,OTHER,2023-03-06 00:00:00,2023-03-03 21:00:00,2023-03-06 21:00:00,1,t,t,1406,2023-03-06 16:05:18.274667,1406,2023-03-06 16:05:26.074443
310,OTHER,2023-03-07 00:00:00,2023-03-05 21:00:00,2023-03-07 21:00:00,2,t,t,1406,2023-03-07 14:36:26.836148,1406,2023-03-07 14:36:33.367468
329,OTHER,2023-03-20 00:00:00,2023-03-18 21:00:00,2023-03-20 21:00:00,1,t,t,1406,2023-03-20 11:55:18.096709,1406,2023-03-20 11:55:25.348975
323,OTHER,2023-03-16 00:00:00,2023-03-14 21:00:00,2023-04-30 21:00:00,1,t,t,1406,2023-03-16 08:43:45.050154,1406,2023-03-16 10:43:35.096644
312,OTHER,2023-03-08 00:00:00,2023-03-06 21:00:00,2023-03-08 21:00:00,1,t,t,890,2023-03-08 13:01:26.974002,890,2023-03-08 13:03:01.075997
313,OTHER,2023-03-09 00:00:00,2023-03-04 21:00:00,2023-03-09 21:00:00,1,t,t,1406,2023-03-09 11:07:14.276987,1406,2023-03-09 11:43:10.787277
314,OTHER,2023-03-09 00:00:00,2022-03-08 21:00:00,2022-03-10 21:00:00,2,t,t,1406,2023-03-09 14:55:47.61173,1406,2023-03-09 14:55:55.287988
327,OTHER,2023-03-17 00:00:00,2023-03-15 21:00:00,2023-03-17 21:00:00,1,t,t,1406,2023-03-17 13:39:22.69047,1406,2023-03-17 13:39:28.761582
330,OTHER,2023-03-20 00:00:00,2023-03-18 21:00:00,2023-03-20 21:00:00,1,t,t,1406,2023-03-20 14:52:14.806272,1406,2023-03-20 14:52:21.18585
335,OTHER,2023-03-23 00:00:00,2023-03-21 21:00:00,2023-03-23 21:00:00,1,t,t,1406,2023-03-23 15:10:45.225541,1406,2023-03-23 15:10:51.026755
336,OTHER,2023-03-24 00:00:00,2023-03-22 21:00:00,2023-03-24 21:00:00,1,t,t,1406,2023-03-24 08:58:45.145764,1406,2023-03-24 08:58:52.046324
328,OTHER,2023-03-20 00:00:00,2023-03-18 21:00:00,2023-03-20 21:00:00,2,t,t,1406,2023-03-20 10:22:50.497197,1406,2023-03-20 10:22:58.616537
297,OTHER,2023-03-01 00:00:00,2023-02-27 21:00:00,2023-03-01 21:00:00,1,t,t,1406,2023-03-01 14:47:36.191659,1406,2023-03-01 14:47:42.95329
331,OTHER,2023-03-21 00:00:00,2023-03-19 21:00:00,2023-03-21 21:00:00,1,t,t,1406,2023-03-21 08:50:28.819371,1406,2023-03-21 08:50:53.762643
332,OTHER,2023-03-22 00:00:00,2023-03-20 21:00:00,2023-03-22 21:00:00,1,t,t,1406,2023-03-22 09:14:31.076949,1406,2023-03-22 09:14:41.371652
333,OTHER,2023-03-22 00:00:00,2023-03-20 21:00:00,2023-03-22 21:00:00,2,t,t,1406,2023-03-22 09:17:30.257417,1406,2023-03-22 09:17:36.770862
319,OTHER,2023-03-13 00:00:00,2023-03-08 21:00:00,2023-03-13 21:00:00,1,t,t,1406,2023-03-13 10:58:05.1853,1406,2023-03-13 11:01:48.710743
338,OTHER,2023-03-27 00:00:00,2023-03-25 21:00:00,2023-03-27 21:00:00,1,t,t,1406,2023-03-27 13:59:39.313611,1406,2023-03-27 13:59:45.89774
340,OTHER,2023-03-28 00:00:00,2023-03-26 21:00:00,2023-03-28 21:00:00,1,t,t,1406,2023-03-28 11:30:15.599213,1406,2023-03-28 11:30:22.437308
339,OTHER,2023-03-28 00:00:00,2023-03-26 21:00:00,2023-04-30 21:00:00,1,t,t,1406,2023-03-28 10:41:25.497778,1406,2023-03-28 10:41:47.271366
341,OTHER,2023-03-29 00:00:00,2023-03-27 21:00:00,2023-03-29 21:00:00,1,t,t,1406,2023-03-29 11:21:58.103564,1406,2023-03-29 11:22:13.711557
342,OTHER,2023-03-30 00:00:00,2023-03-28 21:00:00,2023-04-12 21:00:00,1,t,t,1406,2023-03-30 12:10:24.317064,1406,2023-03-30 12:10:33.552617
343,OTHER,2023-03-31 00:00:00,2023-03-29 21:00:00,2023-03-31 21:00:00,1,t,t,1406,2023-03-31 13:53:55.668439,1406,2023-03-31 13:54:35.180842
345,OTHER,2023-04-03 00:00:00,2023-04-01 21:00:00,2023-04-03 21:00:00,2,t,t,1406,2023-04-03 09:51:11.845765,1406,2023-04-03 09:51:21.71446
344,OTHER,2023-03-31 00:00:00,2023-03-29 21:00:00,2023-03-31 21:00:00,1,t,t,1406,2023-03-31 14:10:21.211403,1406,2023-03-31 14:10:30.586501
346,OTHER,2023-04-03 00:00:00,2023-03-30 21:00:00,2023-04-05 21:00:00,1,t,t,1406,2023-04-03 09:55:40.17589,1406,2023-04-03 09:55:49.17898
311,OTHER,2023-03-08 00:00:00,2023-03-03 21:00:00,2023-03-08 21:00:00,1,t,t,1406,2023-03-07 20:33:50.343687,1406,2023-03-08 13:44:25.012832
384,OTHER,2023-05-12 00:00:00,2023-05-08 21:00:00,2023-05-12 21:00:00,1,t,t,1406,2023-05-12 09:37:23.977449,1406,2023-05-12 09:37:32.930433
355,ASSETS,2023-04-10 00:00:00,2023-04-07 21:00:00,2023-04-10 21:00:00,2,t,t,1406,2023-04-10 14:33:56.057528,1406,2023-04-10 14:41:37.068615
347,OTHER,2023-04-04 00:00:00,2023-04-01 21:00:00,2023-04-04 21:00:00,1,t,t,1406,2023-04-04 10:18:08.573543,1406,2023-04-04 10:18:19.119584
348,OTHER,2023-04-04 00:00:00,2023-04-02 21:00:00,2023-04-04 21:00:00,1,t,t,1406,2023-04-04 10:33:29.843266,1406,2023-04-04 10:33:37.013022
356,OTHER,2023-04-10 00:00:00,2023-04-08 21:00:00,2023-04-10 21:00:00,1,t,t,1406,2023-04-10 14:52:24.638694,1406,2023-04-10 14:52:41.855998
358,OTHER,2023-04-10 00:00:00,2023-04-08 21:00:00,2023-04-10 21:00:00,1,t,t,1406,2023-04-10 15:25:32.756347,1406,2023-04-10 15:25:39.830742
349,OTHER,2023-04-05 00:00:00,2023-04-03 21:00:00,2023-04-05 21:00:00,1,t,t,1406,2023-04-05 09:19:35.231419,1406,2023-04-05 09:20:47.83123
393,OTHER,2023-05-29 00:00:00,2023-05-27 21:00:00,2023-06-30 21:00:00,1,t,f,1406,2023-05-29 13:18:55.234243,1406,2023-05-29 13:19:05.085314
374,OTHER,2023-04-26 00:00:00,2023-04-12 21:00:00,2023-04-26 21:00:00,1,t,t,1406,2023-04-26 10:42:08.200275,1406,2023-04-26 10:42:25.086038
367,OTHER,2023-04-17 00:00:00,2023-04-13 21:00:00,2023-05-31 21:00:00,1,t,t,1406,2023-04-17 14:54:08.215223,1406,2023-04-17 14:55:40.15531
359,OTHER,2023-04-11 00:00:00,2023-04-09 21:00:00,2023-04-11 21:00:00,1,t,t,1406,2023-04-11 14:42:00.823024,1406,2023-04-11 14:42:14.988329
385,OTHER,2023-05-15 00:00:00,2023-05-13 21:00:00,2023-05-15 21:00:00,1,t,t,1406,2023-05-15 10:19:38.572682,1406,2023-05-15 10:20:57.416311
352,OTHER,2023-04-06 00:00:00,2023-04-04 21:00:00,2023-04-06 21:00:00,2,t,t,1406,2023-04-06 08:48:56.989503,1406,2023-04-06 10:59:51.774728
388,OTHER,2023-05-19 00:00:00,2023-05-17 21:00:00,2023-05-19 21:00:00,1,t,t,1406,2023-05-19 10:58:18.202798,1406,2023-05-19 10:58:28.544221
375,OTHER,2023-04-27 00:00:00,2023-04-25 21:00:00,2023-04-28 21:00:00,1,t,t,1406,2023-04-27 11:14:06.963565,1406,2023-04-27 11:15:38.348475
368,OTHER,2023-04-20 00:00:00,2023-04-17 21:00:00,2023-04-20 21:00:00,1,t,t,1406,2023-04-20 11:11:01.123281,1406,2023-04-20 11:15:46.957645
351,OTHER,2023-04-06 00:00:00,2023-04-04 21:00:00,2023-04-06 21:00:00,1,t,t,1406,2023-04-06 08:48:01.555845,1406,2023-04-06 10:59:30.120283
353,ASSETS,2023-04-06 00:00:00,2023-04-08 21:00:00,2023-04-10 21:00:00,2,t,t,1406,2023-04-06 08:58:19.440679,1406,2023-04-06 11:00:07.951812
350,OTHER,2023-04-06 00:00:00,2023-04-04 21:00:00,2023-04-06 21:00:00,1,t,t,1406,2023-04-05 16:55:51.571841,1406,2023-04-06 10:58:42.532428
386,OTHER,2023-05-16 00:00:00,2023-05-14 21:00:00,2023-05-16 21:00:00,1,t,t,1406,2023-05-16 09:23:34.01723,1406,2023-05-16 09:23:40.14506
361,OTHER,2023-04-12 00:00:00,2023-04-10 21:00:00,2023-04-12 21:00:00,1,t,t,1406,2023-04-12 13:02:27.819675,1406,2023-04-12 13:02:37.616611
360,ASSETS,2023-04-12 00:00:00,2023-01-08 21:00:00,2023-01-10 21:00:00,2,t,t,1406,2023-04-12 08:53:18.058394,1406,2023-04-12 13:01:15.224623
362,OTHER,2023-04-12 00:00:00,2023-04-11 21:00:00,2023-04-13 21:00:00,1,t,t,1406,2023-04-12 14:26:42.896026,1406,2023-04-12 14:26:49.990773
382,OTHER,2023-05-10 00:00:00,2023-05-08 21:00:00,2023-05-10 21:00:00,1,t,f,1406,2023-05-10 13:05:46.296013,1406,2023-05-10 13:07:30.738491
354,OTHER,2023-04-10 00:00:00,2023-04-06 21:00:00,2023-04-10 21:00:00,1,t,t,1406,2023-04-10 13:06:15.598366,1406,2023-04-10 13:07:16.438122
376,OTHER,2023-04-28 00:00:00,2023-04-26 21:00:00,2023-04-30 21:00:00,1,t,t,1406,2023-04-28 09:54:57.664964,1406,2023-04-28 09:55:24.584634
389,OTHER,2023-05-22 00:00:00,2023-05-18 21:00:00,2023-05-22 21:00:00,1,t,t,1406,2023-05-22 12:40:35.685031,1406,2023-05-22 12:40:57.985985
363,OTHER,2023-04-13 00:00:00,2023-04-11 21:00:00,2023-04-17 21:00:00,1,t,t,1406,2023-04-13 14:25:07.832848,1406,2023-04-13 14:25:14.449024
369,OTHER,2023-04-24 00:00:00,2023-04-19 21:00:00,2023-04-24 21:00:00,1,t,t,1406,2023-04-24 10:32:54.299992,1406,2023-04-24 10:33:07.819264
357,OTHER,2023-04-10 00:00:00,2023-04-08 21:00:00,2023-04-10 21:00:00,2,t,t,1406,2023-04-10 14:54:10.0122,1406,2023-04-10 14:54:18.546743
377,OTHER,2023-05-02 00:00:00,2023-04-29 21:00:00,2023-05-01 21:00:00,1,t,t,1406,2023-05-02 12:31:57.717348,1406,2023-05-02 12:32:37.002062
364,ASSETS,2023-04-13 00:00:00,2023-05-08 21:00:00,2023-05-10 21:00:00,2,t,t,1406,2023-04-13 15:05:30.751716,1406,2023-04-13 15:05:54.489545
365,OTHER,2023-04-14 00:00:00,2023-04-12 21:00:00,2023-04-14 21:00:00,1,t,t,1406,2023-04-14 11:51:03.432536,1406,2023-04-14 11:51:10.116613
366,OTHER,2023-04-14 00:00:00,2023-04-12 21:00:00,2023-04-14 21:00:00,1,t,t,1406,2023-04-14 13:43:35.575146,1406,2023-04-14 13:43:43.444741
380,OTHER,2023-05-08 00:00:00,2023-05-05 21:00:00,2023-05-08 21:00:00,1,t,t,1406,2023-05-08 12:32:47.221157,1406,2023-05-08 12:35:45.22274
370,OTHER,2023-04-25 00:00:00,2023-04-20 21:00:00,2023-04-25 21:00:00,1,t,t,1406,2023-04-25 10:07:41.874006,1406,2023-04-25 10:10:48.098045
371,OTHER,2023-04-25 00:00:00,2023-04-23 21:00:00,2023-04-25 21:00:00,1,t,t,1406,2023-04-25 10:15:18.547908,1406,2023-04-25 10:15:25.716215
381,OTHER,2023-05-08 00:00:00,2023-05-06 21:00:00,2023-05-08 21:00:00,1,t,t,1406,2023-05-08 12:58:46.467089,1406,2023-05-08 12:58:54.535657
378,OTHER,2023-05-03 00:00:00,2023-05-01 21:00:00,2023-05-03 21:00:00,1,t,t,1406,2023-05-03 12:54:37.525433,1406,2023-05-03 12:56:37.455432
372,OTHER,2023-04-25 00:00:00,2023-04-23 21:00:00,2023-05-31 21:00:00,1,t,t,1406,2023-04-25 13:53:21.297606,1406,2023-04-25 13:53:31.88982
373,OTHER,2023-04-25 00:00:00,2023-04-25 21:00:00,2023-04-27 21:00:00,1,t,t,1406,2023-04-25 14:07:33.723725,1406,2023-04-25 14:07:47.739821
379,OTHER,2023-05-05 00:00:00,2023-05-03 21:00:00,2023-05-05 21:00:00,1,t,t,1406,2023-05-05 13:09:39.238749,1406,2023-05-05 13:09:50.715263
383,OTHER,2023-05-11 00:00:00,2023-05-09 21:00:00,2023-05-11 21:00:00,1,t,f,1406,2023-05-11 09:23:59.587711,1406,2023-05-11 09:24:06.397535
390,OTHER,2023-05-22 00:00:00,2023-05-30 21:00:00,2023-06-01 21:00:00,1,t,f,1406,2023-05-22 14:35:04.844163,1406,2023-05-22 14:35:11.862502
391,OTHER,2023-05-26 00:00:00,2023-05-23 21:00:00,2023-06-30 21:00:00,1,t,t,1406,2023-05-26 09:23:04.651046,1406,2023-05-26 09:23:18.656762
387,OTHER,2023-05-18 00:00:00,2023-05-14 21:00:00,2023-05-16 21:00:00,1,t,t,1406,2023-05-18 10:28:04.690176,1406,2023-05-18 10:28:11.085576
392,OTHER,2023-05-26 00:00:00,2023-05-27 21:00:00,2023-05-29 21:00:00,1,t,t,1406,2023-05-26 12:34:36.296556,1406,2023-05-26 12:34:45.438955
394,OTHER,2023-06-28 00:00:00,2023-06-26 21:00:00,2023-06-28 21:00:00,1,t,f,1406,2023-06-28 09:51:09.81172,1406,2023-06-28 09:51:19.289584
