id,distribution_id,dare_code,royalties_code,royalties_total,dare_total,created_by,created_date,last_modified_by,last_modified_date,royalties_file_id,dare_file_id
1,35287,3002600671,3002599471,0.81,1707.20,1,2018-08-10 00:00:00,,,28daaeca-9e5c-11eb-a8b3-0242ac130003,28daae0c-9e5c-11eb-a8b3-0242ac130003
3,35291,,3002599471,0.04,0.00,1,2018-08-14 00:00:00,,,28dab32a-9e5c-11eb-a8b3-0242ac130003,
4,35295,3002600671,3002599471,0.54,1086.40,1,2018-08-21 00:00:00,,,28dab4d8-9e5c-11eb-a8b3-0242ac130003,28dab41a-9e5c-11eb-a8b3-0242ac130003
5,35297,3002615041,3002617411,0.08,155.20,1,2018-08-23 00:00:00,,,28dab654-9e5c-11eb-a8b3-0242ac130003,28dab596-9e5c-11eb-a8b3-0242ac130003
6,35301,3002654324,3002658756,0.08,155.20,1,2018-09-17 00:00:00,,,28dab7da-9e5c-11eb-a8b3-0242ac130003,28dab712-9e5c-11eb-a8b3-0242ac130003
7,35305,3002654311,,0.00,77.60,1,2018-10-08 00:00:00,,,,28dab8a2-9e5c-11eb-a8b3-0242ac130003
8,35318,3002676311,3002676313,0.08,77.60,1,2019-01-24 00:00:00,,,28dabbe0-9e5c-11eb-a8b3-0242ac130003,28dabb0e-9e5c-11eb-a8b3-0242ac130003
9,35374,3002763184,,0.00,77.60,1,2019-06-26 00:00:00,,,,28dabca8-9e5c-11eb-a8b3-0242ac130003
10,35376,3002763189,3002763347,0.23,465.60,1,2019-06-26 00:00:00,,,28dabe2e-9e5c-11eb-a8b3-0242ac130003,28dabd70-9e5c-11eb-a8b3-0242ac130003
11,35378,3002986492,3002763736,0.31,543.20,1,2019-06-28 00:00:00,,,28dabfb4-9e5c-11eb-a8b3-0242ac130003,28dabeec-9e5c-11eb-a8b3-0242ac130003
12,35380,3002763714,,0.00,77.60,1,2019-06-28 00:00:00,,,,28dac07c-9e5c-11eb-a8b3-0242ac130003
13,35426,3002803235,3002803235,0.04,0.00,1,2019-08-17 00:00:00,,,28dac388-9e5c-11eb-a8b3-0242ac130003,28dac2ca-9e5c-11eb-a8b3-0242ac130003
14,35428,3002803227,,0.00,77.60,1,2019-08-19 00:00:00,,,,28dac446-9e5c-11eb-a8b3-0242ac130003
15,35446,3002812102,3002812107,0.35,620.80,1,2019-09-15 00:00:00,,,28dac5b8-9e5c-11eb-a8b3-0242ac130003,28dac4fa-9e5c-11eb-a8b3-0242ac130003
16,35448,3002812100,,0.00,77.60,1,2019-09-16 00:00:00,,,,28dac680-9e5c-11eb-a8b3-0242ac130003
17,35450,3002812105,3002812107,0.43,853.60,1,2019-09-30 00:00:00,,,28dac90a-9e5c-11eb-a8b3-0242ac130003,28dac73e-9e5c-11eb-a8b3-0242ac130003
18,35452,3002827799,3002828338,0.50,1008.80,1,2019-10-19 00:00:00,,,28dacc98-9e5c-11eb-a8b3-0242ac130003,28dacbd0-9e5c-11eb-a8b3-0242ac130003
19,35466,3002827803,3002828338,0.04,77.60,1,2019-10-22 00:00:00,,,28dace0a-9e5c-11eb-a8b3-0242ac130003,28dacd56-9e5c-11eb-a8b3-0242ac130003
20,35468,3002828306,3002828338,0.04,77.60,1,2019-10-31 00:00:00,,,28dacf90-9e5c-11eb-a8b3-0242ac130003,28daced2-9e5c-11eb-a8b3-0242ac130003
21,35470,,3002828338,0.04,0.00,1,2019-10-31 00:00:00,,,28dad04e-9e5c-11eb-a8b3-0242ac130003,
22,35478,3002844026,3002844038,3.38,6828.80,1,2019-11-11 00:00:00,,,28dad35a-9e5c-11eb-a8b3-0242ac130003,28dad116-9e5c-11eb-a8b3-0242ac130003
23,35480,,3002844038,0.04,0.00,1,2019-11-11 00:00:00,,,28dad422-9e5c-11eb-a8b3-0242ac130003,
24,35492,3002855107,3002855113,0.43,853.60,1,2019-12-04 00:00:00,,,28dad5b2-9e5c-11eb-a8b3-0242ac130003,28dad4ea-9e5c-11eb-a8b3-0242ac130003
25,35494,3002855111,,0.00,77.60,1,2019-12-10 00:00:00,,,,28dad670-9e5c-11eb-a8b3-0242ac130003
26,35519,3002895299,3002895621,0.66,1319.20,1,2020-02-04 00:00:00,,,28dad7ec-9e5c-11eb-a8b3-0242ac130003,28dad72e-9e5c-11eb-a8b3-0242ac130003
27,35521,3002895307,3002895621,0.47,931.20,1,2020-02-04 00:00:00,,,28dadac6-9e5c-11eb-a8b3-0242ac130003,28dad9f4-9e5c-11eb-a8b3-0242ac130003
28,35525,3002895462,3002895621,0.04,77.60,1,2020-02-19 00:00:00,,,28dadc42-9e5c-11eb-a8b3-0242ac130003,28dadb84-9e5c-11eb-a8b3-0242ac130003
29,35527,3002895348,3002895621,0.08,155.20,1,2020-02-20 00:00:00,,,28daddbe-9e5c-11eb-a8b3-0242ac130003,28dadd00-9e5c-11eb-a8b3-0242ac130003
30,35529,,3002895621,0.04,0.00,1,2020-02-27 00:00:00,,,28dadea4-9e5c-11eb-a8b3-0242ac130003,
31,35537,3002912756,,0.00,77.60,1,2020-03-05 00:00:00,,,,28dae020-9e5c-11eb-a8b3-0242ac130003
32,35539,,3002912781,0.04,0.00,1,2020-03-05 00:00:00,,,28dae142-9e5c-11eb-a8b3-0242ac130003,
33,35541,3002912751,,0.00,77.60,1,2020-03-13 00:00:00,,,,28dae2aa-9e5c-11eb-a8b3-0242ac130003
34,35543,,3002912781,0.04,0.00,1,2020-03-13 00:00:00,,,28dae368-9e5c-11eb-a8b3-0242ac130003,
35,35545,3002912753,,0.00,77.60,1,2020-03-13 00:00:00,,,,28dae516-9e5c-11eb-a8b3-0242ac130003
36,35547,,3002912781,0.04,0.00,1,2020-03-13 00:00:00,,,28d8dc8a-9e5c-11eb-a8b3-0242ac130003,
37,35549,3002912767,3002912781,0.58,1164.00,1,2020-03-17 00:00:00,,,28d8e27a-9e5c-11eb-a8b3-0242ac130003,28d8e158-9e5c-11eb-a8b3-0242ac130003
38,35559,3002919511,3002919531,0.19,465.60,1,2020-04-09 00:00:00,,,28d8e46e-9e5c-11eb-a8b3-0242ac130003,28d8e39c-9e5c-11eb-a8b3-0242ac130003
39,35561,3002986494,3002919531,0.23,388.00,1,2020-04-09 00:00:00,,,28d8e64e-9e5c-11eb-a8b3-0242ac130003,28d8e586-9e5c-11eb-a8b3-0242ac130003
40,35563,3002919525,3002919531,0.23,543.20,1,2020-04-09 00:00:00,,,28d8eb08-9e5c-11eb-a8b3-0242ac130003,28d8e716-9e5c-11eb-a8b3-0242ac130003
41,35565,3002919526,3002919531,0.12,232.80,1,2020-04-09 00:00:00,,,28d8ecca-9e5c-11eb-a8b3-0242ac130003,28d8ec02-9e5c-11eb-a8b3-0242ac130003
42,35575,,3002919531,0.04,0.00,1,2020-04-16 00:00:00,,,28d8ed88-9e5c-11eb-a8b3-0242ac130003,
43,35577,3002919528,3002919531,0.50,1086.40,1,2020-04-23 00:00:00,,,28d8ef0e-9e5c-11eb-a8b3-0242ac130003,28d8ee46-9e5c-11eb-a8b3-0242ac130003
44,35579,3002926920,3002926925,55.56,111123.20,1,2020-05-26 00:00:00,,,28d8fe22-9e5c-11eb-a8b3-0242ac130003,28d8f1fc-9e5c-11eb-a8b3-0242ac130003
45,35581,,3002926925,0.04,0.00,1,2020-05-27 00:00:00,,,28d905c0-9e5c-11eb-a8b3-0242ac130003,
46,35583,3002926922,3002926925,0.19,465.60,1,2020-05-27 00:00:00,,,28d9096c-9e5c-11eb-a8b3-0242ac130003,28d9084a-9e5c-11eb-a8b3-0242ac130003
47,35585,,3002926925,0.04,0.00,1,2020-05-29 00:00:00,,,28d90bd8-9e5c-11eb-a8b3-0242ac130003,
48,35603,3002951436,3002951439,0.08,155.20,1,2020-07-07 00:00:00,,,28d90eda-9e5c-11eb-a8b3-0242ac130003,28d90dd6-9e5c-11eb-a8b3-0242ac130003
49,35617,3002951438,3002951439,0.04,155.20,1,2020-08-02 00:00:00,,,28d91308-9e5c-11eb-a8b3-0242ac130003,28d9122c-9e5c-11eb-a8b3-0242ac130003
50,35621,3002968774,3002968775,0.31,543.20,1,2020-08-10 00:00:00,,,28d9148e-9e5c-11eb-a8b3-0242ac130003,28d913c6-9e5c-11eb-a8b3-0242ac130003
51,35633,3002986519,3002986553,0.08,168.04,1,2020-09-10 00:00:00,,,28d9161e-9e5c-11eb-a8b3-0242ac130003,28d91556-9e5c-11eb-a8b3-0242ac130003
52,35635,3002986531,3002986553,0.25,672.16,1,2020-09-10 00:00:00,,,28d919b6-9e5c-11eb-a8b3-0242ac130003,28d918c6-9e5c-11eb-a8b3-0242ac130003
53,35637,3002986508,3002986553,0.08,168.04,1,2020-09-17 00:00:00,,,28d91b64-9e5c-11eb-a8b3-0242ac130003,28d91a9c-9e5c-11eb-a8b3-0242ac130003
54,35639,,3002986553,0.08,0.00,1,2020-09-17 00:00:00,,,28d91c22-9e5c-11eb-a8b3-0242ac130003,
55,35641,3002986536,,0.00,168.04,1,2020-09-17 00:00:00,,,,28d91ce0-9e5c-11eb-a8b3-0242ac130003
56,35649,,3002986553,0.08,0.00,1,2020-09-23 00:00:00,,,28d91e52-9e5c-11eb-a8b3-0242ac130003,
57,35651,3002986538,,0.00,168.04,1,2020-09-28 00:00:00,,,,28d91f2e-9e5c-11eb-a8b3-0242ac130003
58,35653,3003003811,3003003827,0.70,1404.32,1,2020-10-07 00:00:00,,,28d9232a-9e5c-11eb-a8b3-0242ac130003,28d92244-9e5c-11eb-a8b3-0242ac130003
59,35657,3003003808,3003003827,0.42,840.20,1,2020-10-20 00:00:00,,,28d924b0-9e5c-11eb-a8b3-0242ac130003,28d923f2-9e5c-11eb-a8b3-0242ac130003
60,35659,,3003003827,0.09,0.00,1,2020-10-20 00:00:00,,,28d92578-9e5c-11eb-a8b3-0242ac130003,
61,35662,3003003819,,0.00,175.54,1,2020-10-22 00:00:00,,,,28d92640-9e5c-11eb-a8b3-0242ac130003
62,35664,3003003821,3003003827,0.26,351.08,1,2020-10-29 00:00:00,,,28d927bc-9e5c-11eb-a8b3-0242ac130003,28d92708-9e5c-11eb-a8b3-0242ac130003
63,35672,3003015630,3003015648,0.18,351.08,1,2020-11-04 00:00:00,,,28d92b86-9e5c-11eb-a8b3-0242ac130003,28d92abe-9e5c-11eb-a8b3-0242ac130003
64,35674,3003015639,3003015648,0.61,1404.32,1,2020-11-05 00:00:00,,,28d92d02-9e5c-11eb-a8b3-0242ac130003,28d92c44-9e5c-11eb-a8b3-0242ac130003
65,35676,3003015633,3003015648,0.09,175.54,1,2020-11-09 00:00:00,,,28d92e7e-9e5c-11eb-a8b3-0242ac130003,28d92dc0-9e5c-11eb-a8b3-0242ac130003
66,35684,3003015640,3003015648,0.17,349.94,1,2020-11-30 00:00:00,,,28d931c6-9e5c-11eb-a8b3-0242ac130003,28d92f3c-9e5c-11eb-a8b3-0242ac130003
67,35692,,3003032301,0.09,0.00,1,2020-12-06 00:00:00,,,28d93298-9e5c-11eb-a8b3-0242ac130003,
68,35694,3003032182,3003032301,0.17,524.91,1,2020-12-09 00:00:00,,,28d93414-9e5c-11eb-a8b3-0242ac130003,28d93356-9e5c-11eb-a8b3-0242ac130003
69,35696,3003032192,3003032301,0.09,174.97,1,2020-12-11 00:00:00,,,28d93590-9e5c-11eb-a8b3-0242ac130003,28d934d2-9e5c-11eb-a8b3-0242ac130003
70,35698,3003032206,3003032301,1.46,2919.84,1,2020-12-16 00:00:00,,,28d9386a-9e5c-11eb-a8b3-0242ac130003,28d93644-9e5c-11eb-a8b3-0242ac130003
71,35700,3003032214,3003032301,1.46,2919.84,1,2020-12-16 00:00:00,,,28d939f0-9e5c-11eb-a8b3-0242ac130003,28d93932-9e5c-11eb-a8b3-0242ac130003
72,35702,3003032222,3003032301,1.46,2919.84,1,2020-12-16 00:00:00,,,28d93b6c-9e5c-11eb-a8b3-0242ac130003,28d93aae-9e5c-11eb-a8b3-0242ac130003
73,35704,3003032249,3003032301,1.82,3649.80,1,2020-12-16 00:00:00,,,28d93ce8-9e5c-11eb-a8b3-0242ac130003,28d93c2a-9e5c-11eb-a8b3-0242ac130003
74,35706,3003032252,3003032301,1.09,2007.39,1,2020-12-16 00:00:00,,,28d93ffe-9e5c-11eb-a8b3-0242ac130003,28d93f2c-9e5c-11eb-a8b3-0242ac130003
75,35708,3003032256,3003032301,0.64,1277.43,1,2020-12-16 00:00:00,,,28d94184-9e5c-11eb-a8b3-0242ac130003,28d940c6-9e5c-11eb-a8b3-0242ac130003
76,35710,3003032234,3003032301,1.00,2189.88,1,2020-12-17 00:00:00,,,28d9431e-9e5c-11eb-a8b3-0242ac130003,28d94242-9e5c-11eb-a8b3-0242ac130003
77,35712,3003032257,3003032301,0.18,182.49,1,2020-12-17 00:00:00,,,28d9467a-9e5c-11eb-a8b3-0242ac130003,28d94576-9e5c-11eb-a8b3-0242ac130003
78,35714,3003032244,3003032301,1.82,3649.80,1,2020-12-20 00:00:00,,,28d9480a-9e5c-11eb-a8b3-0242ac130003,28d9474c-9e5c-11eb-a8b3-0242ac130003
79,35716,3003032261,3003032301,0.09,182.49,1,2020-12-20 00:00:00,,,28d9497c-9e5c-11eb-a8b3-0242ac130003,28d948be-9e5c-11eb-a8b3-0242ac130003
80,35718,3003032263,3003032301,0.27,547.47,1,2020-12-21 00:00:00,,,28d94aee-9e5c-11eb-a8b3-0242ac130003,28d94a30-9e5c-11eb-a8b3-0242ac130003
81,35720,3003032264,3003032301,0.46,1094.94,1,2020-12-21 00:00:00,,,28d94dc8-9e5c-11eb-a8b3-0242ac130003,28d94d00-9e5c-11eb-a8b3-0242ac130003
82,35722,3003032266,3003032301,0.64,1277.43,1,2020-12-21 00:00:00,,,28d94f3a-9e5c-11eb-a8b3-0242ac130003,28d94e7c-9e5c-11eb-a8b3-0242ac130003
83,35798,3003049191,3003050168,0.55,1094.94,1,2021-01-04 00:00:00,,,28d950ac-9e5c-11eb-a8b3-0242ac130003,28d94fee-9e5c-11eb-a8b3-0242ac130003
84,35800,3003049194,3003050168,2.28,4562.25,1,2021-01-04 00:00:00,,,28d9521e-9e5c-11eb-a8b3-0242ac130003,28d9516a-9e5c-11eb-a8b3-0242ac130003
85,35802,3003049196,3003050168,0.46,729.96,1,2021-01-04 00:00:00,,,28d95552-9e5c-11eb-a8b3-0242ac130003,28d9548a-9e5c-11eb-a8b3-0242ac130003
86,35804,3003049193,3003050168,0.09,182.49,1,2021-01-05 00:00:00,,,28d956ce-9e5c-11eb-a8b3-0242ac130003,28d95610-9e5c-11eb-a8b3-0242ac130003
87,35806,3003049190,3003050168,0.09,182.49,1,2021-01-05 00:00:00,,,28d95836-9e5c-11eb-a8b3-0242ac130003,28d95782-9e5c-11eb-a8b3-0242ac130003
88,35808,3003049199,3003050168,0.18,538.47,1,2021-01-12 00:00:00,,,28d95a66-9e5c-11eb-a8b3-0242ac130003,28d9598a-9e5c-11eb-a8b3-0242ac130003
89,35810,3003049203,3003050168,0.09,179.49,1,2021-01-12 00:00:00,,,28d95df4-9e5c-11eb-a8b3-0242ac130003,28d95d22-9e5c-11eb-a8b3-0242ac130003
90,35828,,3003050168,0.09,0.00,1,2021-01-20 00:00:00,,,28d95ea8-9e5c-11eb-a8b3-0242ac130003,
91,35830,3003049208,3003050168,1.71,3589.80,1,2021-01-22 00:00:00,,,28d96092-9e5c-11eb-a8b3-0242ac130003,28d95f66-9e5c-11eb-a8b3-0242ac130003
92,35832,3003049209,3003050168,1.26,2512.86,1,2021-01-27 00:00:00,,,28d9625e-9e5c-11eb-a8b3-0242ac130003,28d96182-9e5c-11eb-a8b3-0242ac130003
93,35835,3003049205,3003050168,0.36,717.96,1,2021-01-28 00:00:00,,,28d965b0-9e5c-11eb-a8b3-0242ac130003,28d96330-9e5c-11eb-a8b3-0242ac130003
94,35837,3003049197,3003050168,0.09,182.49,1,2021-01-28 00:00:00,,,28d96722-9e5c-11eb-a8b3-0242ac130003,28d9666e-9e5c-11eb-a8b3-0242ac130003
95,35839,3003049204,3003050168,0.09,179.49,1,2021-01-28 00:00:00,,,28d968b2-9e5c-11eb-a8b3-0242ac130003,28d967e0-9e5c-11eb-a8b3-0242ac130003
96,35841,3003064338,3003064497,0.63,1256.43,1,2021-02-02 00:00:00,,,28d96a56-9e5c-11eb-a8b3-0242ac130003,28d96984-9e5c-11eb-a8b3-0242ac130003
97,35843,3003064348,3003064497,0.09,179.49,1,2021-02-02 00:00:00,,,28d96dd0-9e5c-11eb-a8b3-0242ac130003,28d96b28-9e5c-11eb-a8b3-0242ac130003
98,35845,3003064353,3003064497,0.09,179.49,1,2021-02-02 00:00:00,,,28d96f42-9e5c-11eb-a8b3-0242ac130003,28d96e8e-9e5c-11eb-a8b3-0242ac130003
99,35847,3003064367,3003064497,0.09,179.49,1,2021-02-07 00:00:00,,,28d970b4-9e5c-11eb-a8b3-0242ac130003,28d97000-9e5c-11eb-a8b3-0242ac130003
100,35849,,3003064497,0.09,0.00,1,2021-02-08 00:00:00,,,28d97168-9e5c-11eb-a8b3-0242ac130003,
101,35851,3003064374,3003064497,0.09,179.51,1,2021-02-12 00:00:00,,,28d974a6-9e5c-11eb-a8b3-0242ac130003,28d9723a-9e5c-11eb-a8b3-0242ac130003
102,35853,3003064418,3003064497,1.08,2154.12,1,2021-02-12 00:00:00,,,28d97636-9e5c-11eb-a8b3-0242ac130003,28d97578-9e5c-11eb-a8b3-0242ac130003
103,35855,3003064405,,0.00,179.51,1,2021-02-12 00:00:00,,,,28d97708-9e5c-11eb-a8b3-0242ac130003
104,35857,3003064421,3003064497,0.90,1615.59,1,2021-02-18 00:00:00,,,28d978a2-9e5c-11eb-a8b3-0242ac130003,28d977da-9e5c-11eb-a8b3-0242ac130003
105,35859,3003064424,3003064497,0.18,359.02,1,2021-02-18 00:00:00,,,28d97b68-9e5c-11eb-a8b3-0242ac130003,28d97a8c-9e5c-11eb-a8b3-0242ac130003
106,35861,3003064443,3003064497,0.18,359.02,1,2021-02-19 00:00:00,,,28d97e9c-9e5c-11eb-a8b3-0242ac130003,28d97dca-9e5c-11eb-a8b3-0242ac130003
107,35863,3003064433,,0.00,179.51,1,2021-02-19 00:00:00,,,,28d97f5a-9e5c-11eb-a8b3-0242ac130003
108,35865,3003064447,3003064497,0.18,359.02,1,2021-02-19 00:00:00,,,28d980f4-9e5c-11eb-a8b3-0242ac130003,28d9802c-9e5c-11eb-a8b3-0242ac130003
109,35873,3003064412,3003064497,0.09,179.51,1,2021-02-24 00:00:00,,,28d9827a-9e5c-11eb-a8b3-0242ac130003,28d981b2-9e5c-11eb-a8b3-0242ac130003
110,35875,3003064454,3003064497,0.36,718.04,1,2021-02-24 00:00:00,,,28d98568-9e5c-11eb-a8b3-0242ac130003,28d98496-9e5c-11eb-a8b3-0242ac130003
111,35877,3003081870,3003081890,0.09,179.51,1,2021-03-15 00:00:00,,,28d986e4-9e5c-11eb-a8b3-0242ac130003,28d98626-9e5c-11eb-a8b3-0242ac130003
112,35879,,3003081890,0.09,0.00,1,2021-03-15 00:00:00,,,28d98798-9e5c-11eb-a8b3-0242ac130003,
113,35881,3003081874,,0.00,180.31,1,2021-03-15 00:00:00,,,,28d98860-9e5c-11eb-a8b3-0242ac130003
114,35889,,3003081890,0.09,0.00,1,2021-03-23 00:00:00,,,28d9891e-9e5c-11eb-a8b3-0242ac130003,
115,35895,3003081881,,0.00,180.31,1,2021-03-25 00:00:00,,,,28d989e6-9e5c-11eb-a8b3-0242ac130003
116,35897,,3003081890,0.09,0.00,1,2021-03-30 00:00:00,,,28d98b9e-9e5c-11eb-a8b3-0242ac130003,
117,35899,3003096281,,0.00,180.31,1,2021-04-05 00:00:00,,,,28d98c66-9e5c-11eb-a8b3-0242ac130003
118,35901,,3003096294,0.09,0.00,1,2021-04-07 00:00:00,,,28d98d24-9e5c-11eb-a8b3-0242ac130003,
119,35903,3003096284,,0.00,181.23,1,2021-04-14 00:00:00,,,,28d98dec-9e5c-11eb-a8b3-0242ac130003
120,35905,,3003096294,0.09,0.00,1,2021-04-16 00:00:00,,,28d98eaa-9e5c-11eb-a8b3-0242ac130003,
121,35916,3003096289,,0.00,181.23,1,2021-04-29 00:00:00,,,,28d99260-9e5c-11eb-a8b3-0242ac130003
122,35918,3003112328,3003112398,1.45,2899.68,1,2021-05-05 00:00:00,,,28d9940e-9e5c-11eb-a8b3-0242ac130003,28d99350-9e5c-11eb-a8b3-0242ac130003
123,35920,3003112330,3003112398,0.18,366.80,1,2021-05-07 00:00:00,,,28d995ee-9e5c-11eb-a8b3-0242ac130003,28d994cc-9e5c-11eb-a8b3-0242ac130003
124,35922,3003112340,3003112398,0.64,1283.80,1,2021-05-11 00:00:00,,,28d9976a-9e5c-11eb-a8b3-0242ac130003,28d996ac-9e5c-11eb-a8b3-0242ac130003
125,35924,3003112343,3003112398,1.01,2017.40,1,2021-05-11 00:00:00,,,28d99ab2-9e5c-11eb-a8b3-0242ac130003,28d99828-9e5c-11eb-a8b3-0242ac130003
126,35929,3003112351,3003112398,1.19,2200.80,1,2021-05-19 00:00:00,,,28d99c24-9e5c-11eb-a8b3-0242ac130003,28d99b70-9e5c-11eb-a8b3-0242ac130003
127,35935,3003112363,,0.00,183.40,1,2021-05-26 00:00:00,,,,28d99cec-9e5c-11eb-a8b3-0242ac130003
128,35937,3003112377,3003112398,6.69,13388.20,1,2021-05-28 00:00:00,,,28d99e72-9e5c-11eb-a8b3-0242ac130003,28d99daa-9e5c-11eb-a8b3-0242ac130003
129,35939,,3003112398,0.09,0.00,1,2021-05-28 00:00:00,,,28d99f30-9e5c-11eb-a8b3-0242ac130003,
130,35941,3003131443,3003131531,3.39,6785.80,1,2021-06-02 00:00:00,,,28d9a264-9e5c-11eb-a8b3-0242ac130003,28d9a19c-9e5c-11eb-a8b3-0242ac130003
131,35943,3003131459,3003131531,0.46,1100.40,1,2021-06-07 00:00:00,,,28d9a3d6-9e5c-11eb-a8b3-0242ac130003,28d9a322-9e5c-11eb-a8b3-0242ac130003
132,35945,3003131470,3003131531,1.91,3634.40,1,2021-06-15 00:00:00,,,28d9a55c-9e5c-11eb-a8b3-0242ac130003,28d9a494-9e5c-11eb-a8b3-0242ac130003
133,35947,3003131482,3003131531,0.09,181.72,1,2021-06-15 00:00:00,,,28d9a6ec-9e5c-11eb-a8b3-0242ac130003,28d9a624-9e5c-11eb-a8b3-0242ac130003
134,35949,3003131496,,0.00,181.72,1,2021-06-21 00:00:00,,,,28d9a912-9e5c-11eb-a8b3-0242ac130003
135,35951,,3003131531,0.09,0.00,1,2021-06-21 00:00:00,,,28d9a9e4-9e5c-11eb-a8b3-0242ac130003,
136,35953,3003131508,,0.00,181.72,1,2021-06-25 00:00:00,,,,28d9aaac-9e5c-11eb-a8b3-0242ac130003
137,35955,3003131510,3003131531,0.09,181.72,1,2021-06-25 00:00:00,,,28d9ac1e-9e5c-11eb-a8b3-0242ac130003,28d9ab6a-9e5c-11eb-a8b3-0242ac130003
138,35965,3003131485,3003131531,130.11,260223.04,1,2021-06-28 00:00:00,,,28d9ad90-9e5c-11eb-a8b3-0242ac130003,28d9acd2-9e5c-11eb-a8b3-0242ac130003
139,35967,,3003131531,0.09,0.00,1,2021-06-28 00:00:00,,,28d9ae58-9e5c-11eb-a8b3-0242ac130003,
140,35973,3003153118,3003153137,0.09,181.72,1,2021-07-14 00:00:00,,,28d9b150-9e5c-11eb-a8b3-0242ac130003,28d9b088-9e5c-11eb-a8b3-0242ac130003
141,35975,3003153121,3003153137,1.49,2975.51,1,2021-07-14 00:00:00,,,28d9b2c2-9e5c-11eb-a8b3-0242ac130003,28d9b20e-9e5c-11eb-a8b3-0242ac130003
142,35977,3003153127,3003153137,1.05,2275.39,1,2021-07-20 00:00:00,,,28d9b43e-9e5c-11eb-a8b3-0242ac130003,28d9b380-9e5c-11eb-a8b3-0242ac130003
143,35979,3003153130,3003153137,0.09,175.03,1,2021-07-26 00:00:00,,,28d9b5ba-9e5c-11eb-a8b3-0242ac130003,28d9b4f2-9e5c-11eb-a8b3-0242ac130003
144,35981,3003153135,3003153137,1.05,2100.36,1,2021-07-26 00:00:00,,,28d9b8f8-9e5c-11eb-a8b3-0242ac130003,28d9b826-9e5c-11eb-a8b3-0242ac130003
145,35987,3003176850,3003176978,0.88,1925.33,1,2021-08-03 00:00:00,,,28d9ba6a-9e5c-11eb-a8b3-0242ac130003,28d9b9ac-9e5c-11eb-a8b3-0242ac130003
146,35989,3003176842,3003176978,1.23,2450.42,1,2021-08-04 00:00:00,,,28d9bbdc-9e5c-11eb-a8b3-0242ac130003,28d9bb28-9e5c-11eb-a8b3-0242ac130003
147,35991,3003176862,3003176978,0.18,175.03,1,2021-08-04 00:00:00,,,28d9bd62-9e5c-11eb-a8b3-0242ac130003,28d9bc9a-9e5c-11eb-a8b3-0242ac130003
148,35993,3003176873,3003176978,3.41,6826.17,1,2021-08-04 00:00:00,,,28d9c050-9e5c-11eb-a8b3-0242ac130003,28d9bf6a-9e5c-11eb-a8b3-0242ac130003
149,36001,3003176824,3003176978,0.96,2100.36,1,2021-08-17 00:00:00,,,28d9c1d6-9e5c-11eb-a8b3-0242ac130003,28d9c118-9e5c-11eb-a8b3-0242ac130003
150,36003,3003176886,3003176978,0.09,174.31,1,2021-08-17 00:00:00,,,28d9c35c-9e5c-11eb-a8b3-0242ac130003,28d9c29e-9e5c-11eb-a8b3-0242ac130003
151,36005,3003176901,3003176978,0.09,174.31,1,2021-08-30 00:00:00,,,28d9c4d8-9e5c-11eb-a8b3-0242ac130003,28d9c41a-9e5c-11eb-a8b3-0242ac130003
152,36007,3003176907,3003176978,0.09,174.31,1,2021-08-30 00:00:00,,,28d9c7c6-9e5c-11eb-a8b3-0242ac130003,28d9c6f4-9e5c-11eb-a8b3-0242ac130003
153,36009,3003176911,3003176978,0.09,174.31,1,2021-08-30 00:00:00,,,28d9c94c-9e5c-11eb-a8b3-0242ac130003,28d9c88e-9e5c-11eb-a8b3-0242ac130003
154,36011,3003176918,3003176978,0.09,174.31,1,2021-08-30 00:00:00,,,28d9cadc-9e5c-11eb-a8b3-0242ac130003,28d9ca14-9e5c-11eb-a8b3-0242ac130003
155,36013,3003176925,3003176978,0.09,174.31,1,2021-08-30 00:00:00,,,28d9cc62-9e5c-11eb-a8b3-0242ac130003,28d9cb9a-9e5c-11eb-a8b3-0242ac130003
156,36015,3003176936,3003176978,0.61,1220.17,1,2021-08-31 00:00:00,,,28d9cf64-9e5c-11eb-a8b3-0242ac130003,28d9ce9c-9e5c-11eb-a8b3-0242ac130003
157,36021,,3003176978,0.09,0.00,1,2021-08-31 00:00:00,,,28d9d022-9e5c-11eb-a8b3-0242ac130003,
159,36025,3003214956,3003214996,9.86,19901.56,1,2021-09-17 00:00:00,,,db8bbfe0-9b85-4d02-a395-9add652a9941,84af87d6-9d61-4ce0-bbf2-c73a36d507ec
160,36027,,3003214996,0.09,0.00,1,2021-09-22 00:00:00,,,db8bbfe0-9b85-4d02-a395-9add652a9941,
163,36033,,3003214996,0.09,0.00,1,2021-09-28 00:00:00,,,db8bbfe0-9b85-4d02-a395-9add652a9941,
166,36039,3003214979,3003214996,0.88,1761.20,1,2021-09-29 00:00:00,,,db8bbfe0-9b85-4d02-a395-9add652a9941,5cbfbe54-6085-4bed-84b5-f8f3223c2ab6
158,36023,3003214949,3003214996,0.09,174.31,1,2021-09-06 00:00:00,,,db8bbfe0-9b85-4d02-a395-9add652a9941,29e781b1-5637-416b-9d01-498568d46b69
161,36029,3003214953,3003214996,0.09,176.12,1,2021-09-22 00:00:00,,,db8bbfe0-9b85-4d02-a395-9add652a9941,2e3241dc-9895-4630-b6ea-65e071e50b94
168,36043,3003235821,3003235879,1.59,3170.16,1,2021-10-07 00:00:00,,,222db2bb-5bcc-46f1-87db-2b6f4a716853,d92b1129-201a-402d-9d4b-9b7abba2f30c
184,36069,3003235853,,0.00,175.02,0,2021-10-27 14:51:02.771638,0,2021-10-27 14:51:02.771638,,5819d2be-33c0-48e4-9dd8-fb11417ee1ff
169,36045,3003235825,3003235879,0.88,1585.08,1,2021-10-07 00:00:00,,,222db2bb-5bcc-46f1-87db-2b6f4a716853,8318a42d-8166-488d-800d-aa24ddabbb7c
176,36061,3003235840,3003235879,0.26,525.06,0,2021-10-26 09:27:57.000452,0,2021-10-26 09:27:57.000452,222db2bb-5bcc-46f1-87db-2b6f4a716853,d45b5afc-b42a-40f1-8f29-720638ace4d2
182,36067,3003235863,,0.00,175.02,0,2021-10-26 09:31:21.867057,0,2021-10-26 09:31:21.867057,,0111d7d2-1430-4381-b5ae-3b1603d2e3be
177,36062,3003235829,3003235879,0.44,875.10,0,2021-10-26 09:28:26.98857,0,2021-10-26 09:28:26.98857,222db2bb-5bcc-46f1-87db-2b6f4a716853,db835afb-ef7c-483f-9e2c-5ce94fb3a00e
178,36063,3003235847,3003235879,0.70,1575.18,0,2021-10-26 09:28:41.9845,0,2021-10-26 09:28:41.9845,222db2bb-5bcc-46f1-87db-2b6f4a716853,355cac56-a153-4136-983b-ebca9822ee9d
173,36057,3003235832,3003246838,0.09,175.02,0,2021-10-13 19:18:40.170787,0,2021-10-13 19:18:40.170787,061fc01e-292d-4697-88be-861d4dfa91de,5151b1e4-72d5-4a80-a0b8-8be9cc16e446
174,36058,3003235827,,0.00,175.02,0,2021-10-20 12:20:29.017023,0,2021-10-20 12:20:29.017023,,acab2eab-3bfd-451e-bd56-cb6c7f2f8e9c
175,36060,3003235843,3003235879,0.61,1050.12,0,2021-10-26 09:27:47.278228,0,2021-10-26 09:27:47.278228,222db2bb-5bcc-46f1-87db-2b6f4a716853,02093a75-44ab-4e1f-9835-595a031409c4
172,36056,3003235836,3003235879,0.18,350.04,0,2021-10-13 19:18:35.286388,0,2021-10-13 19:18:35.286388,222db2bb-5bcc-46f1-87db-2b6f4a716853,1ef60efa-9c69-46e1-9f8a-8b780c7e1a66
170,36047,3003235823,3003235879,0.44,880.60,1,2021-10-07 00:00:00,,,222db2bb-5bcc-46f1-87db-2b6f4a716853,9c38a588-9eca-4462-b6aa-34f825a77871
185,36070,3003256431,3003256487,1.93,3850.44,0,2021-11-03 07:57:42.789349,0,2021-11-03 07:57:42.789349,17479bb7-2287-4a01-876f-5754173f48ed,b50b8285-e78c-498c-bb13-4ee68a766123
167,36041,3003214962,,0.00,176.12,1,2021-09-29 00:00:00,,,,4a3aa0f5-ef0c-4d35-b345-93eefda928ae
186,36071,3003256441,3003256487,2.28,4733.37,0,2021-11-16 10:24:27.333713,0,2021-11-16 10:24:27.333713,17479bb7-2287-4a01-876f-5754173f48ed,2e4ab485-c7ba-4326-88af-f9db4beae757
162,36031,3003214959,,0.00,176.12,1,2021-09-28 00:00:00,,,,e31f5f9c-92ba-4746-abe6-d797454b9420
189,36103,3003276291,3003276320,0.18,184.28,0,2021-12-06 08:35:15.868117,0,2021-12-06 08:35:15.868117,c8cf37f5-ccae-42fb-adb8-d9225fda9f96,a23c177b-3e40-4f7a-8de7-a2ed760bc7ad
183,36068,3003235868,3003235879,0.18,350.04,0,2021-10-26 09:31:26.92153,0,2021-10-26 09:31:26.92153,222db2bb-5bcc-46f1-87db-2b6f4a716853,1117260e-7453-476d-838e-81acb95968a8
181,36066,3003235860,3003235879,2.01,3850.44,0,2021-10-26 09:31:12.044277,0,2021-10-26 09:31:12.044277,222db2bb-5bcc-46f1-87db-2b6f4a716853,dec5cef7-6e33-4ca0-937c-e3ee58849cd8
180,36065,3003235857,3003235879,0.61,1225.14,0,2021-10-26 09:31:01.948437,0,2021-10-26 09:31:01.948437,222db2bb-5bcc-46f1-87db-2b6f4a716853,c9a042e7-14fc-4015-9734-8973489d6f9c
179,36064,3003235854,3003235879,0.79,1575.18,0,2021-10-26 09:30:56.965217,0,2021-10-26 09:30:56.965217,222db2bb-5bcc-46f1-87db-2b6f4a716853,a8a0322f-d065-4fee-bd64-5ec2c8442200
204,36147,3003318424,,0.00,185.55,0,2022-02-09 14:18:09.787869,0,2022-02-09 14:18:09.787869,,72d008eb-de2b-41d5-9b6b-657d4a13f326
220,36217,3003357080,3003357103,0.09,176.92,0,2022-04-12 09:14:21.707938,0,2022-04-12 09:14:21.707938,63fb55fd-08d0-45c4-b430-1446117a387c,25af015a-6764-45c4-856e-9e8c6dd714fe
205,36161,3003318428,3003318443,0.09,186.52,0,2022-02-15 15:22:54.892626,0,2022-02-15 15:22:54.892626,d91f160a-d9cc-4bdd-b5f6-6a03b77af07c,5aa1f249-514a-4d4b-9373-bcddace14962
226,36291,3003378685,3003378689,0.08,159.66,0,2022-05-23 15:48:09.502572,0,2022-05-23 15:48:09.502572,655c7383-cb80-4a04-9b7b-54e9ea11f637,4c0a9317-42bb-4f34-861d-652524e2ac9e
187,36077,3003256446,3003256487,0.88,1577.79,0,2021-11-24 15:43:11.283537,0,2021-11-24 15:43:11.283537,17479bb7-2287-4a01-876f-5754173f48ed,02a7bee0-f4e8-438b-ad24-45483e3e7e99
188,36079,3003256453,3003256487,1.67,3330.89,0,2021-11-30 07:33:06.016527,0,2021-11-30 07:33:06.016527,17479bb7-2287-4a01-876f-5754173f48ed,63bedcc9-80ae-4260-813e-74377ac9c8b2
206,36164,3003318434,3003318443,0.37,921.40,0,2022-02-18 13:15:34.95675,0,2022-02-18 13:15:34.95675,d91f160a-d9cc-4bdd-b5f6-6a03b77af07c,8b90c984-c88f-4a5a-a48f-0f6708d5cce6
221,36248,3003357084,3003357103,0.44,707.68,0,2022-04-26 09:53:18.387488,0,2022-04-26 09:53:18.387488,63fb55fd-08d0-45c4-b430-1446117a387c,5e3ebb88-19fb-4014-83ca-c17866550662
207,36171,3003318437,3003318443,0.56,1113.30,0,2022-02-23 15:50:39.922077,0,2022-02-23 15:50:39.922077,d91f160a-d9cc-4bdd-b5f6-6a03b77af07c,2e2a9cdd-ceec-471f-80d4-1f959927c2da
198,36120,3003294468,3003294470,0.37,921.40,0,2022-01-03 13:44:04.642219,0,2022-01-03 13:44:04.642219,aecd5c04-e79b-4443-8c1f-702c4394adf9,7426631d-2a88-4922-ad17-c09b3cc9e3d6
192,36108,3003276303,,0.00,184.28,0,2021-12-14 08:44:00.703968,0,2021-12-14 08:44:00.703968,,d44b567f-59c7-4633-a2a3-088c3ca563f9
199,36130,3003294466,3003294470,0.46,737.12,0,2022-01-13 09:31:37.832372,0,2022-01-13 09:31:37.832372,aecd5c04-e79b-4443-8c1f-702c4394adf9,2ca92eeb-8667-4d3d-b917-34b6e16a9743
200,36131,3003294459,3003294470,0.09,184.28,0,2022-01-17 08:24:37.535528,0,2022-01-17 08:24:37.535528,aecd5c04-e79b-4443-8c1f-702c4394adf9,71c341d0-ca64-4c31-b38d-b7a585040093
201,36134,300394458,3003294470,0.28,373.04,0,2022-01-25 09:39:34.691411,0,2022-01-25 09:39:34.691411,aecd5c04-e79b-4443-8c1f-702c4394adf9,5b90bfa9-7108-4f98-97ee-a14c382d7564
215,36198,3003338943,3003338960,27.65,55131.30,0,2022-03-31 11:00:52.406668,0,2022-03-31 11:00:52.406668,a26c674f-9536-412c-ad0c-09ffdc08b3dd,fefa6527-d207-4575-bd8e-3ac0f6b8aa5b
190,36104,3003276297,3003276320,2.40,4975.56,0,2021-12-07 10:04:36.72951,0,2021-12-07 10:04:36.72951,c8cf37f5-ccae-42fb-adb8-d9225fda9f96,47455b04-1062-403f-9db7-d876127af4c6
191,36107,,3003276320,0.09,0.00,0,2021-12-13 10:09:00.855601,0,2021-12-13 10:09:00.855601,c8cf37f5-ccae-42fb-adb8-d9225fda9f96,
193,36109,,3003276320,0.09,0.00,0,2021-12-15 09:29:10.829661,0,2021-12-15 09:29:10.829661,c8cf37f5-ccae-42fb-adb8-d9225fda9f96,
194,36110,3003276312,3003276320,0.46,1105.68,0,2021-12-17 10:05:28.301793,0,2021-12-17 10:05:28.301793,c8cf37f5-ccae-42fb-adb8-d9225fda9f96,7a23ee7d-559b-4b7c-a62c-427c04af0a32
195,36111,3003276313,3003276320,0.09,184.28,0,2021-12-17 12:39:42.617078,0,2021-12-17 12:39:42.617078,c8cf37f5-ccae-42fb-adb8-d9225fda9f96,6c78caa9-6dfc-4d9e-b25f-c8ece195a4c5
196,36112,3003276314,3003276320,0.09,184.28,0,2021-12-21 11:13:52.577098,0,2021-12-21 11:13:52.577098,c8cf37f5-ccae-42fb-adb8-d9225fda9f96,b13156c5-cc4f-4599-88e6-7b4fc74a5682
197,36117,3003276315,3003276320,10.87,21745.04,0,2021-12-21 14:47:13.386608,0,2021-12-21 14:47:13.386608,c8cf37f5-ccae-42fb-adb8-d9225fda9f96,4bf59d6f-90e3-4735-bb28-f6d39e64172c
223,36256,3003378681,3003378689,0.71,1239.21,0,2022-05-02 13:57:48.386895,0,2022-05-02 13:57:48.386895,655c7383-cb80-4a04-9b7b-54e9ea11f637,e269a26b-9fbe-458c-ac99-5f08a899192b
214,36197,3003339031,,0.00,176.92,0,2022-03-30 17:20:39.835838,0,2022-03-30 17:20:39.835838,,2712a3ce-5bc8-437c-8b92-5fa833aca963
202,36144,3003318416,3003318443,0.09,185.55,0,2022-02-07 15:40:44.916355,0,2022-02-07 15:40:44.916355,d91f160a-d9cc-4bdd-b5f6-6a03b77af07c,7b82cdcc-6978-4170-8737-5a9fc30e9a83
216,36202,3003357092,,0.00,177.03,0,2022-04-06 15:51:09.84552,0,2022-04-06 15:51:09.84552,,18a9bc7a-debc-4b59-bbea-32da52c1a331
212,36195,3003339038,3003338960,0.09,175.31,0,2022-03-29 17:50:40.056862,0,2022-03-29 17:50:40.056862,82350aac-2852-4662-9c58-f552fa9ce6d1,e9dd6cf1-94c1-4ba8-96c8-5856a4dfe85b
210,36189,3003339050,3003338960,0.53,1061.52,0,2022-03-29 08:30:25.240006,0,2022-03-29 08:30:25.240006,82350aac-2852-4662-9c58-f552fa9ce6d1,8bbe4593-165d-4eb1-8c3d-692e1db519d4
219,36216,,3003357103,0.09,0.00,0,2022-04-12 09:14:12.085299,0,2022-04-12 09:14:12.085299,63fb55fd-08d0-45c4-b430-1446117a387c,
203,36145,3003318421,3003318443,0.19,185.55,0,2022-02-08 08:35:09.898307,0,2022-02-08 08:35:09.898307,d91f160a-d9cc-4bdd-b5f6-6a03b77af07c,58cfdb55-365d-4ad7-86b4-627abb208643
208,36182,3003339066,,0.00,176.92,0,2022-03-14 10:26:44.810701,0,2022-03-14 10:26:44.810701,,8260239e-5071-4570-b189-c9ec100ee35a
209,36188,,3003338960,0.09,0.00,0,2022-03-28 12:08:15.355387,0,2022-03-28 12:08:15.355387,82350aac-2852-4662-9c58-f552fa9ce6d1,
224,36257,3003378683,,0.00,177.03,0,2022-05-02 14:09:38.173507,0,2022-05-02 14:09:38.173507,,1ceef046-46e7-4ece-b1e9-b350175a02e9
211,36190,,3003338960,0.09,0.00,0,2022-03-29 08:30:35.155624,0,2022-03-29 08:30:35.155624,82350aac-2852-4662-9c58-f552fa9ce6d1,
228,36293,3003378686,,0.00,159.66,0,2022-05-27 08:49:34.444548,0,2022-05-27 08:49:34.444548,,315c0aa6-6bc6-4be3-9413-75fc8fb6be0f
213,36196,,3003338960,0.09,0.00,0,2022-03-30 08:39:10.089584,0,2022-03-30 08:39:10.089584,82350aac-2852-4662-9c58-f552fa9ce6d1,
222,36255,3003357094,,0.00,177.03,0,2022-04-28 14:54:48.196996,0,2022-04-28 14:54:48.196996,,c7bcc1d4-9877-4ce1-ad51-845c195daf7a
217,36204,3003357091,3003357103,0.62,1062.18,0,2022-04-07 17:14:39.912297,0,2022-04-07 17:14:39.912297,63fb55fd-08d0-45c4-b430-1446117a387c,dc1b812e-16be-4a14-a406-d969e13768ba
218,36205,3003357074,3003357103,0.35,884.60,0,2022-04-11 10:53:49.893281,0,2022-04-11 10:53:49.893281,63fb55fd-08d0-45c4-b430-1446117a387c,7c797aab-bfad-45f0-83d1-2de3e6e05b32
225,36290,,3003378689,0.08,0.00,0,2022-05-20 08:49:44.547131,0,2022-05-20 08:49:44.547131,655c7383-cb80-4a04-9b7b-54e9ea11f637,
227,36292,,3003378689,0.08,0.00,0,2022-05-27 08:45:54.452921,0,2022-05-27 08:45:54.452921,655c7383-cb80-4a04-9b7b-54e9ea11f637,
229,36299,3003403111,3003403165,1.52,3033.54,0,2022-06-07 08:56:05.179595,0,2022-06-07 08:56:05.179595,9ba759a3-8c64-4501-b66f-031bd349080e,8dbaf074-fb63-48b5-b764-8b886c35b12d
230,36300,3003403114,3003403165,0.16,478.98,0,2022-06-07 08:56:14.548237,0,2022-06-07 08:56:14.548237,9ba759a3-8c64-4501-b66f-031bd349080e,f39225e6-0912-4225-ab57-a98f272c5fb2
232,36333,3003403127,,0.00,145.59,0,2022-06-28 17:26:16.410397,0,2022-06-28 17:26:16.410397,,25fc62ac-0af3-4e21-9848-8d1c4d04b6de
231,36309,,3003403165,0.07,0.00,0,2022-06-08 15:50:14.369836,0,2022-06-08 15:50:14.369836,9ba759a3-8c64-4501-b66f-031bd349080e,
233,36334,3003403123,3003403165,0.66,1310.31,0,2022-06-30 14:32:41.511075,0,2022-06-30 14:32:41.511075,9ba759a3-8c64-4501-b66f-031bd349080e,eb176f2d-104a-4d7b-a4c7-9aaaa804a259
240,36403,3003424632,,0.00,150.74,0,2022-07-21 09:38:06.309926,0,2022-07-21 09:38:06.309926,,ac0a26a7-c60b-40c8-a165-2180e16f4fb9
235,36336,3003424645,3003424935,0.87,1747.08,0,2022-07-01 14:42:26.547599,0,2022-07-01 14:42:26.547599,6e384f8e-e5d2-4991-b76c-6f2e16e56dc3,de956298-4203-4975-adb6-de0d4f112725
236,36343,3003424639,,0.00,150.74,0,2022-07-04 16:05:26.351986,0,2022-07-04 16:05:26.351986,,6eec775e-085c-4681-8596-3967ff187fdd
234,36335,3003424701,3003424935,0.07,145.59,0,2022-07-01 09:02:16.442376,0,2022-07-01 09:02:16.442376,6e384f8e-e5d2-4991-b76c-6f2e16e56dc3,3fef383e-77f9-4c77-abb0-10a8ef13a31c
237,36353,,3003424935,0.08,0.00,0,2022-07-11 14:35:41.424423,0,2022-07-11 14:35:41.424423,6e384f8e-e5d2-4991-b76c-6f2e16e56dc3,
238,36362,3003424637,3003424935,0.15,301.48,0,2022-07-13 10:22:41.434865,0,2022-07-13 10:22:41.434865,6e384f8e-e5d2-4991-b76c-6f2e16e56dc3,75a4e813-c9c2-4dc3-bfd5-f3fcf1e33292
239,36402,3003424631,3003424935,0.15,301.48,0,2022-07-20 14:43:01.389699,0,2022-07-20 14:43:01.389699,6e384f8e-e5d2-4991-b76c-6f2e16e56dc3,99f11c55-58ba-4a82-b714-7067d9a5ce7a
241,36406,3003424634,3003424935,137.70,275251.24,0,2022-07-21 17:37:08.784533,0,2022-07-21 17:37:08.784533,6e384f8e-e5d2-4991-b76c-6f2e16e56dc3,34f084cc-1565-48f1-a657-8849c1d92970
253,36509,3003491156,,0.00,144.00,0,2022-10-03 09:21:51.595236,0,2022-10-03 09:21:51.595236,,112e31c0-742b-4a8e-aeb4-e13d56c1915e
257,36523,3003491153,,0.00,144.89,0,2022-10-11 10:13:50.656525,0,2022-10-11 10:13:50.656525,,d7a9eb27-21f8-4591-86b0-9389a4f56b51
244,36463,3003448281,,0.00,144.37,0,2022-08-24 14:37:16.30025,0,2022-08-24 14:37:16.30025,,957167a8-a22b-475c-864f-ec21b28e97ac
261,36566,3003491150,,0.00,144.89,0,2022-10-26 14:35:36.611536,0,2022-10-26 14:35:36.611536,,f6e4a2ce-e420-4359-9fec-bdde1c35d5e7
242,36412,3003448295,3003448297,0.07,144.37,0,2022-08-04 10:36:41.397706,0,2022-08-04 10:36:41.397706,c5858f62-0b43-41c1-8dc0-1d269b1a792e,6c01953d-a67a-450b-9210-fc8fa20f8a6c
243,36455,3003448293,3003448297,0.14,288.74,0,2022-08-19 08:31:26.430932,0,2022-08-19 08:31:26.430932,c5858f62-0b43-41c1-8dc0-1d269b1a792e,5aa004a3-30e3-4329-a7bf-26033c19b5dd
245,36464,3003448291,3003448297,0.22,288.74,0,2022-08-29 08:29:56.387273,0,2022-08-29 08:29:56.387273,c5858f62-0b43-41c1-8dc0-1d269b1a792e,9da72aec-3a4e-4240-a93a-c59d46f50cf2
246,36506,3003471432,3003471445,0.14,288.00,0,2022-09-27 11:16:33.963901,0,2022-09-27 11:16:33.963901,692d3225-7673-4787-995c-2e44fe2bc8dc,d7be58a8-6fc6-467b-90b8-a58be222d2d1
247,36507,3003471430,3003471445,0.14,288.00,0,2022-09-27 17:01:03.257884,0,2022-09-27 17:01:03.257884,692d3225-7673-4787-995c-2e44fe2bc8dc,9152ceca-7569-40cc-8f8f-bb210d9cc974
254,36510,3003491161,3003491199,0.43,720.00,0,2022-10-03 09:24:36.576727,0,2022-10-03 09:24:36.576727,b89d6692-7621-47b0-9906-f68859444cb1,eb0c481d-15ad-4d2c-87b0-32e73aaebf78
255,36511,3003491164,3003491199,0.65,1440.00,0,2022-10-03 09:25:41.573078,0,2022-10-03 09:25:41.573078,b89d6692-7621-47b0-9906-f68859444cb1,4f04576d-b932-44ad-9ff3-916c3181b34d
256,36512,3003491167,3003491199,1.44,2880.00,0,2022-10-03 09:32:31.619684,0,2022-10-03 09:32:31.619684,b89d6692-7621-47b0-9906-f68859444cb1,f2e82889-4f4c-42cc-b3e2-1c0e1c48b8d7
258,36548,,3003491199,0.07,0.00,0,2022-10-21 12:03:42.060139,0,2022-10-21 12:03:42.060139,b89d6692-7621-47b0-9906-f68859444cb1,
262,36575,3003491139,3003491199,0.29,434.67,0,2022-10-28 08:23:01.551412,0,2022-10-28 08:23:01.551412,b89d6692-7621-47b0-9906-f68859444cb1,9943e3ba-8767-4aaa-9eba-76749aefc40b
263,36576,3003491142,3003491199,0.22,434.67,0,2022-10-28 08:23:06.041521,0,2022-10-28 08:23:06.041521,b89d6692-7621-47b0-9906-f68859444cb1,b6789fe5-fc44-49f6-918f-d711e80b2208
287,36914,3003637468,3003637511,0.38,760.95,0,2023-05-11 12:39:28.109051,0,2023-05-11 12:39:28.109051,6183f217-19ab-4c12-8897-15e60dc903e7,d348e543-97c1-4ac3-9732-052848e569fd
288,36915,3003637477,3003637511,0.91,1826.28,0,2023-05-12 14:59:38.084745,0,2023-05-12 14:59:38.084745,6183f217-19ab-4c12-8897-15e60dc903e7,7ce05e4e-1628-4585-83bc-ef856f1d23f7
289,36933,3003637462,3003637511,0.08,152.19,0,2023-05-22 08:39:32.971898,0,2023-05-22 08:39:32.971898,6183f217-19ab-4c12-8897-15e60dc903e7,1a611840-c999-4651-8e7c-bc9fcf0113c8
290,36936,3003637449,3003637511,0.08,152.19,0,2023-05-22 15:52:32.985737,0,2023-05-22 15:52:32.985737,6183f217-19ab-4c12-8897-15e60dc903e7,2d855e1f-45d5-48f8-9259-467f2494c50f
291,36950,3003637471,3003637511,1.98,4109.13,0,2023-05-26 14:50:03.147987,0,2023-05-26 14:50:03.147987,6183f217-19ab-4c12-8897-15e60dc903e7,e1efcf15-e638-43d4-b021-45e27119c524
292,36951,,3003637511,0.08,0.00,0,2023-05-26 16:36:12.97875,0,2023-05-26 16:36:12.97875,6183f217-19ab-4c12-8897-15e60dc903e7,
294,36991,3003637455,3003637511,0.38,760.95,0,2023-05-31 10:24:07.966976,0,2023-05-31 10:24:07.966976,6183f217-19ab-4c12-8897-15e60dc903e7,30bd4ede-93cb-4487-b747-70a85006b3bb
264,36577,3003491147,3003491199,0.51,869.34,0,2022-10-28 08:23:16.05748,0,2022-10-28 08:23:16.05748,b89d6692-7621-47b0-9906-f68859444cb1,78c8d589-b9b6-4b73-a2e0-bf67b15b1d7e
296,37007,05072023,,0.00,144.34,0,2023-06-07 10:00:47.851841,0,2023-06-07 10:00:47.851841,,0339bcef-dc15-43f7-94b7-b1720b53f5a4
276,36686,3003551756,3003551773,0.14,143.01,0,2023-01-02 09:36:40.126579,0,2023-01-02 09:36:40.126579,0e9b6ad4-e086-4444-8b19-41a173a91eb1,b334a86d-7094-4458-9181-411a2b089cdc
278,36716,3003551749,3003551773,0.65,1294.38,0,2023-01-12 08:51:45.105561,0,2023-01-12 08:51:45.105561,0e9b6ad4-e086-4444-8b19-41a173a91eb1,8a2d1eba-d59d-4fd6-b33e-76c39bc42eb0
277,36696,3003551753,,0.00,143.01,0,2023-01-04 14:47:24.957911,0,2023-01-04 14:47:24.957911,,f3ffd71c-c811-4c17-b7b6-6b047fab83a4
279,36718,3003551767,3003551773,0.36,858.06,0,2023-01-18 17:18:37.349797,0,2023-01-18 17:18:37.349797,0e9b6ad4-e086-4444-8b19-41a173a91eb1,0fe70174-839a-4d0e-8528-c300b52fd3c4
280,36760,,3003571344,0.08,0.00,0,2023-02-16 08:42:33.110999,0,2023-02-16 08:42:33.110999,90ebc90a-ed1b-4160-956f-4f39f40bbf01,
281,36763,3003571332,,0.00,153.08,0,2023-02-24 08:50:11.194987,0,2023-02-24 08:50:11.194987,,b823afa7-a0b7-42a8-8871-be82bd84bd95
282,36792,,3003593086,0.08,0.00,0,2023-03-13 11:57:30.096805,0,2023-03-13 11:57:30.096805,65ba269b-615b-4e50-8f4f-1a6ecc676932,
283,36807,3003593024,3003593086,0.23,459.81,0,2023-03-20 14:59:10.04372,0,2023-03-20 14:59:10.04372,65ba269b-615b-4e50-8f4f-1a6ecc676932,ffe76e6d-6a59-43ba-aae7-8636b5065b48
293,36952,3003637443,,0.00,152.19,0,2023-05-26 16:36:17.862822,0,2023-05-26 16:36:17.862822,,9354af58-f50b-4422-a873-1a87c74412cd
298,37034,3003661711,,0.00,152.19,0,2023-06-15 14:08:52.877492,0,2023-06-15 14:08:52.877492,,6e285d45-e378-42f5-9cc8-be5c911b258c
284,36824,,3003593086,0.08,0.00,0,2023-03-27 14:03:20.068308,0,2023-03-27 14:03:20.068308,65ba269b-615b-4e50-8f4f-1a6ecc676932,
295,36997,3003661709,3003661720,0.23,608.76,0,2023-06-02 14:53:52.954852,0,2023-06-02 14:53:52.954852,e4e0af80-5171-4eb8-b2fb-6501ac80634b,c7b44a44-550f-4a4a-b45b-088b474dd85a
297,37010,,3003661720,0.07,0.00,0,2023-06-12 12:08:47.934591,0,2023-06-12 12:08:47.934591,e4e0af80-5171-4eb8-b2fb-6501ac80634b,
265,36578,3003491149,3003491199,0.43,1014.23,0,2022-10-28 08:23:20.966795,0,2022-10-28 08:23:20.966795,b89d6692-7621-47b0-9906-f68859444cb1,b69d4127-7323-440a-8e4f-f6edfe4a36c3
266,36599,3003510162,3003510194,0.14,280.54,0,2022-11-08 08:52:39.631891,0,2022-11-08 08:52:39.631891,3f6cf160-61d6-4e75-bde5-caba067d6f07,a7b35f79-4bc7-4e9a-bb45-1a352bee52d3
267,36600,3003510163,3003510194,0.21,420.81,0,2022-11-08 08:52:44.591147,0,2022-11-08 08:52:44.591147,3f6cf160-61d6-4e75-bde5-caba067d6f07,d6cd7938-6243-4d1c-b233-e371afd32863
275,36642,3003529948,3003529958,0.35,701.35,0,2022-12-06 16:47:19.710511,0,2022-12-06 16:47:19.710511,3414c5b2-bc07-4545-9a70-2311ffd130c5,683e9e85-5976-4f2b-9aac-23a6bf10c77a
271,36604,3003510175,,0.00,144.00,0,2022-11-08 08:53:04.403633,0,2022-11-08 08:53:04.403633,,deaa5f17-2f15-45c0-8405-ff8e1c2f4b7a
285,36827,3003593022,3003593086,1.00,1992.51,0,2023-03-29 10:54:55.001215,0,2023-03-29 10:54:55.001215,65ba269b-615b-4e50-8f4f-1a6ecc676932,ae273aaa-93b1-4ab4-b514-ed5113a04930
286,36830,3003593078,3003593086,27.65,55131.30,0,2023-04-03 16:17:39.601095,0,2023-04-03 16:17:39.601095,65ba269b-615b-4e50-8f4f-1a6ecc676932,fecf3d90-85f1-4efe-94ac-e8ae89a5e8d1
299,37045,3003661671,3003661720,0.07,144.34,0,2023-06-22 11:26:02.953919,0,2023-06-22 11:26:02.953919,e4e0af80-5171-4eb8-b2fb-6501ac80634b,68738370-5501-40a1-9a8f-6bb8144f5d09
300,37046,3003661677,3003661720,2.02,4041.52,0,2023-06-22 11:26:08.118302,0,2023-06-22 11:26:08.118302,e4e0af80-5171-4eb8-b2fb-6501ac80634b,7a2ab57c-3584-476d-a4e9-8f656c00acd0
301,37056,,3003661720,0.07,0.00,0,2023-06-29 16:18:50.766581,0,2023-06-29 16:18:50.766581,e4e0af80-5171-4eb8-b2fb-6501ac80634b,
302,37058,3003661703,3003661720,0.65,1299.06,0,2023-06-30 08:58:05.686209,0,2023-06-30 08:58:05.686209,e4e0af80-5171-4eb8-b2fb-6501ac80634b,222a8a51-0c39-4e5e-a8b0-205d74761553
268,36601,3003510168,3003510194,0.56,1122.16,0,2022-11-08 08:52:49.59469,0,2022-11-08 08:52:49.59469,3f6cf160-61d6-4e75-bde5-caba067d6f07,1bcc9305-2e26-4420-a5ec-bbe1554b823c
269,36602,3003510171,3003510194,0.56,1122.16,0,2022-11-08 08:52:54.601641,0,2022-11-08 08:52:54.601641,3f6cf160-61d6-4e75-bde5-caba067d6f07,58f897b7-3659-4650-b85f-45d88dd166a8
270,36603,3003510173,3003510194,1.68,3226.21,0,2022-11-08 08:52:59.709552,0,2022-11-08 08:52:59.709552,3f6cf160-61d6-4e75-bde5-caba067d6f07,146414ae-1830-4e78-96e4-8fd9eca6e778
272,36624,3003510161,3003510194,0.77,1542.97,0,2022-11-16 08:30:59.769777,0,2022-11-16 08:30:59.769777,3f6cf160-61d6-4e75-bde5-caba067d6f07,46fabd8b-c2b5-48df-b568-157862aa409f
273,36625,3003510176,3003510194,2.74,5616.00,0,2022-11-16 09:37:59.536274,0,2022-11-16 09:37:59.536274,3f6cf160-61d6-4e75-bde5-caba067d6f07,ccef3ae4-30cf-4d7c-9589-dfd1327a9337
274,36641,3003510156,3003510194,0.70,1262.43,0,2022-11-25 16:39:45.284538,0,2022-11-25 16:39:45.284538,3f6cf160-61d6-4e75-bde5-caba067d6f07,69fedc51-a0e9-47cc-88f4-0a1c2213083c
314,37228,06102023,05102023,0.41,948.15,0,2023-09-14 15:43:29.821127,0,2023-09-14 15:43:29.821127,53bd53f4-6511-4f60-be9b-869cfde6d214,3d6f9946-525a-4408-bac9-ade025823949
309,37120,3003707337,3003707351,2.84,5534.49,0,2023-08-04 11:19:00.843912,0,2023-08-04 11:19:00.843912,ee90eb40-06e0-441c-a4be-f6a4f158256b,692b98eb-db27-4807-9b0c-2a8d7a3631a2
310,37159,3003707333,3003707351,0.61,1348.80,0,2023-08-28 10:49:28.412642,0,2023-08-28 10:49:28.412642,ee90eb40-06e0-441c-a4be-f6a4f158256b,ebbf9fbf-d79d-47ea-ad37-bff5fbecd30c
303,37062,,3003683475,0.07,0.00,0,2023-07-04 13:11:10.517403,0,2023-07-04 13:11:10.517403,105070ea-9803-427a-a0ab-0349163ccf93,
308,37113,3003683436,,0.00,141.91,0,2023-07-27 07:48:15.486492,0,2023-07-27 07:48:15.486492,,3c6e17e0-e658-454a-b38b-f98ec0a679a5
307,37112,,3003683475,0.07,0.00,0,2023-07-26 17:50:10.466664,0,2023-07-26 17:50:10.466664,105070ea-9803-427a-a0ab-0349163ccf93,
344,37382,,,1.29,2438.10,0,2023-10-06 14:19:17.30672,0,2023-10-06 14:19:17.30672,,
345,37383,,,3.05,6095.25,0,2023-10-06 14:24:12.453238,0,2023-10-06 14:24:12.453238,,
347,37414,,,0.80,1607.64,0,2023-10-27 16:47:29.010988,0,2023-10-27 16:47:29.010988,,
395,37940,19112024,19112024,1.24,2325.30,0,2024-10-21 17:48:23.716958,0,2024-10-21 17:48:23.716958,7071882b-8801-4923-9c93-90b7bf621354,2ef4e651-9149-4fd0-b032-eb49077a4ce5
339,37354,3003728256,,0.00,135.45,0,2023-09-27 15:19:41.87651,0,2023-09-27 15:19:41.87651,,58c0c80f-fffe-43ed-8b25-9249b955635e
391,37935,3004537162,3004537174,1.37,2732.92,0,2024-10-15 17:01:21.498705,0,2024-10-15 17:01:21.498705,ddaa89bf-9626-4fc9-a799-553a123f0dc1,7d6e2216-34da-4762-bb28-6a999f2f7502
388,37903,3003992483,3003992485,0.23,310.04,0,2024-09-30 15:43:41.382303,0,2024-09-30 15:43:41.382303,41888ff7-22d3-4df7-b69d-51df331c3c14,875bc1df-ed11-4d04-b830-2c5438425160
377,37628,3003926462,3003926467,1.86,3865.59,0,2024-06-06 16:11:41.430267,0,2024-06-06 16:11:41.430267,b570995c-3685-4158-af17-27bb48899b64,b1d031d7-0932-4303-ba96-85a102fceda8
385,37879,3003971162,,0.00,162.61,0,2024-08-27 15:15:45.955802,0,2024-08-27 15:15:45.955802,,84b3d2f9-4621-444c-a378-250ffc5fd38d
370,37560,,3004547710,0.07,0.00,0,2024-04-01 11:15:45.907115,0,2024-04-01 11:15:45.907115,fcf4697c-7074-4843-86c9-20e9223a7b34,
379,37632,3003926460,,0.00,143.17,0,2024-06-07 10:58:15.954117,0,2024-06-07 10:58:15.954117,,f717639c-d913-46a9-81f2-aa4454e0f2c7
378,37629,3003926463,3003926467,1.79,3436.08,0,2024-06-06 16:12:11.355572,0,2024-06-06 16:12:11.355572,b570995c-3685-4158-af17-27bb48899b64,bd1646e6-eb8c-4621-85aa-f8484df06797
363,37462,3003872053,3003872057,0.07,130.26,0,2023-12-06 16:28:12.977394,0,2023-12-06 16:28:12.977394,cf69a250-2ff1-4c6a-a5cf-8da2ff00a35c,7f033107-ca30-4b14-a26e-1d2c9f2be8b6
394,37938,19112024,19112024,0.08,310.04,0,2024-10-17 17:19:56.193389,0,2024-10-17 17:19:56.193389,7071882b-8801-4923-9c93-90b7bf621354,5c525bb5-8604-41a1-a681-fe1d173dbf16
326,37245,06102023,05102023,0.07,270.90,0,2023-09-15 11:01:41.054262,0,2023-09-15 11:01:41.054262,53bd53f4-6511-4f60-be9b-869cfde6d214,6838fa04-54a4-4a05-81ae-eb79b725ad66
321,37239,06102023,05102023,0.34,677.25,0,2023-09-15 08:48:01.039591,0,2023-09-15 08:48:01.039591,53bd53f4-6511-4f60-be9b-869cfde6d214,525f06b6-645e-407f-9793-3dfe85f5db8a
317,37231,06102023,05102023,0.20,270.90,0,2023-09-14 16:54:36.0452,0,2023-09-14 16:54:36.0452,53bd53f4-6511-4f60-be9b-869cfde6d214,6f4b5696-30bb-4e96-aaca-0c8e559efc6a
327,37246,06102023,05102023,3.86,7585.20,0,2023-09-15 11:02:01.523244,0,2023-09-15 11:02:01.523244,53bd53f4-6511-4f60-be9b-869cfde6d214,3da3eef8-9815-489b-a902-4e4ef6bdb5c6
322,37240,06102023,05102023,0.27,541.80,0,2023-09-15 08:48:26.09558,0,2023-09-15 08:48:26.09558,53bd53f4-6511-4f60-be9b-869cfde6d214,8b60fdcd-3f0a-4588-bfbd-beb4cd911c14
330,37344,06102023,05102023,0.34,677.25,0,2023-09-27 11:48:47.140755,0,2023-09-27 11:48:47.140755,53bd53f4-6511-4f60-be9b-869cfde6d214,8c20a89e-c4df-47fa-83c7-012f168e0f3e
319,37233,06102023,05102023,0.07,135.45,0,2023-09-14 16:55:26.011036,0,2023-09-14 16:55:26.011036,53bd53f4-6511-4f60-be9b-869cfde6d214,020105d5-9787-4fb0-872c-aac4ad5004e9
324,37242,06102023,05102023,0.34,812.70,0,2023-09-15 08:49:35.99746,0,2023-09-15 08:49:35.99746,53bd53f4-6511-4f60-be9b-869cfde6d214,ea77e93e-0948-4154-8986-60ffa5297d08
325,37243,06102024,05102023,0.07,135.45,0,2023-09-15 08:49:55.936465,0,2023-09-15 08:49:55.936465,53bd53f4-6511-4f60-be9b-869cfde6d214,f516061b-4a48-4e49-aa4a-a50d1eaa1c82
331,37345,06102023,05102023,0.20,541.80,0,2023-09-27 11:49:07.063984,0,2023-09-27 11:49:07.063984,53bd53f4-6511-4f60-be9b-869cfde6d214,8d5129b3-6735-49a8-841e-57ed58c9d376
320,37238,05102023,05102023,0.07,270.90,0,2023-09-15 08:47:36.043322,0,2023-09-15 08:47:36.043322,53bd53f4-6511-4f60-be9b-869cfde6d214,f671a957-d8cc-44f9-afea-55c795de0b69
396,37948,19112024,19112024,0.32,643.04,0,2024-10-29 09:52:08.498089,0,2024-10-29 09:52:08.498089,7071882b-8801-4923-9c93-90b7bf621354,3c702ff9-08e7-4ea6-86b3-08679019bfb9
383,37838,07082024,07082024,0.07,132.90,0,2024-07-15 15:04:06.24193,0,2024-07-15 15:04:06.24193,057eca6a-d0d7-4f1b-9cba-9e2526adc294,20818572-4836-493c-87e2-126f7cd2c551
393,37937,3004537162,,0.00,160.76,0,2024-10-17 10:45:31.043158,0,2024-10-17 10:45:31.043158,,569faca8-49e7-4c58-8189-0223c687c312
386,37880,,3003971165,0.08,0.00,0,2024-08-27 15:16:26.158772,0,2024-08-27 15:16:26.158772,872c6280-233b-4c8a-858d-266ef666c692,
364,37474,3003872053,3003872057,0.07,133.97,0,2023-12-13 12:05:57.109603,0,2023-12-13 12:05:57.109603,cf69a250-2ff1-4c6a-a5cf-8da2ff00a35c,b7cdb5f4-fc37-45e1-8752-4028d5f1d24a
365,37482,3003872053,3003872057,0.32,644.35,0,2024-01-03 09:16:14.959247,0,2024-01-03 09:16:14.959247,cf69a250-2ff1-4c6a-a5cf-8da2ff00a35c,89a0d6d9-6cce-4528-95c4-ef6ccee984a5
369,37553,3003872053,,0.00,145.49,0,2024-03-08 13:21:05.703989,0,2024-03-08 13:21:05.703989,,e4b14e37-e163-4461-84d1-2983c73a1247
346,37403,3003749425,3003749432,0.07,133.97,0,2023-10-23 12:11:27.123919,0,2023-10-23 12:11:27.123919,f8ec5427-76d9-4efc-a7d3-d6c33a22c45a,7b8428c0-9584-4658-8d63-61a0dc2d97a9
366,37506,,3003872057,0.06,0.00,0,2024-01-26 11:58:39.439159,0,2024-01-26 11:58:39.439159,cf69a250-2ff1-4c6a-a5cf-8da2ff00a35c,
342,37378,10102023,,1.02,2167.20,0,2023-09-29 12:05:47.130454,0,2023-09-29 12:05:47.130454,,bafb043f-ba30-45f9-986c-18d8a7e3dd7e
371,37563,3004547708,,0.00,145.49,0,2024-04-03 10:26:00.70347,0,2024-04-03 10:26:00.70347,,1b3599b4-b271-43e0-b577-6e6fa474e878
329,37334,,3003728271,0.07,0.00,0,2023-09-19 10:52:27.014186,0,2023-09-19 10:52:27.014186,87b6e7f5-5f2b-4cba-b931-fe8741ec45dc,
343,37379,3003749428,3003749432,0.20,270.90,0,2023-10-04 10:43:57.144483,0,2023-10-04 10:43:57.144483,f8ec5427-76d9-4efc-a7d3-d6c33a22c45a,93e959fb-1e51-46f7-a57f-e361dbb690b3
354,37432,3003784471,3003784521,0.39,651.30,0,2023-11-09 10:44:38.882568,0,2023-11-09 10:44:38.882568,1e38f34f-db9b-4f42-b29d-e682370d32c4,55a76fbf-a841-4878-b7cb-48257011d499
340,37355,,3003728271,0.07,0.00,0,2023-09-27 15:20:52.072972,0,2023-09-27 15:20:52.072972,87b6e7f5-5f2b-4cba-b931-fe8741ec45dc,
341,37377,3003728267,3003728271,10.16,20317.50,0,2023-09-29 12:05:03.832006,0,2023-09-29 12:05:03.832006,87b6e7f5-5f2b-4cba-b931-fe8741ec45dc,c6b339f5-0cec-4620-a392-5d3f8362e6ee
380,37636,12072024,12072024,0.47,946.12,0,2024-06-10 09:30:21.252205,0,2024-06-10 09:30:21.252205,15154fde-a23b-4bef-a2aa-a442cbef3c35,ac275812-4669-4325-9feb-f6c1c99deadb
372,37593,,3004547710,0.08,0.00,0,2024-04-10 17:28:05.897156,0,2024-04-10 17:28:05.897156,fcf4697c-7074-4843-86c9-20e9223a7b34,
384,37839,3003947706,3003947707,0.07,132.90,0,2024-07-15 15:04:51.162246,0,2024-07-15 15:04:51.162246,dba36447-e9fb-40f9-a331-ae9cef7bfa0d,1401d17b-e286-4fc0-964a-ca6b6e2b83a9
374,37618,,3004547710,0.07,0.00,0,2024-05-22 12:22:36.221267,0,2024-05-22 12:22:36.221267,fcf4697c-7074-4843-86c9-20e9223a7b34,
376,37623,,3004547710,0.07,0.00,0,2024-05-29 15:56:26.149474,0,2024-05-29 15:56:26.149474,fcf4697c-7074-4843-86c9-20e9223a7b34,
375,37619,3004547708,3004547710,0.50,1002.19,0,2024-05-23 17:52:36.370359,0,2024-05-23 17:52:36.370359,fcf4697c-7074-4843-86c9-20e9223a7b34,e08b04c2-5a12-439f-96c2-4a474be1c395
373,37615,3004547708,3004547710,0.43,859.02,0,2024-05-21 12:38:21.468881,0,2024-05-21 12:38:21.468881,fcf4697c-7074-4843-86c9-20e9223a7b34,bdb2ee26-ede7-4e35-86c1-1e9599f0ae8c
2,35289,3002600671,3002599471,0.97,1940.00,1,2018-08-13 00:00:00,,,28dab046-9e5c-11eb-a8b3-0242ac130003,28daaf88-9e5c-11eb-a8b3-0242ac130003
410,39412,,,2.15,4484.25,0,2025-07-01 16:13:44.74053,0,2025-07-01 16:13:44.74053,,
392,37936,3004537162,3004537174,1.09,2015.26,0,2024-10-15 17:07:41.471493,0,2024-10-15 17:07:41.471493,ddaa89bf-9626-4fc9-a799-553a123f0dc1,ff286893-6ffd-4ca7-8f66-82a6f27f8d02
408,39387,3004537162,,0.00,179.37,0,2025-05-29 15:10:33.586902,0,2025-05-29 15:10:33.586902,,e447cbf7-bd37-43f6-bc12-09c4d462aac3
406,39373,3004537162,,0.00,179.37,0,2025-05-16 13:04:53.61998,0,2025-05-16 13:04:53.61998,,7038f5e8-d5bf-4d60-99f6-f6b4f8c8f7b1
328,37333,06102023,05102023,3.72,7585.20,0,2023-09-19 10:50:47.775249,0,2023-09-19 10:50:47.775249,53bd53f4-6511-4f60-be9b-869cfde6d214,be29afc7-0791-4843-b8bb-fcdd18025836
315,37229,06102023,05102023,0.34,677.25,0,2023-09-14 16:53:46.74598,0,2023-09-14 16:53:46.74598,53bd53f4-6511-4f60-be9b-869cfde6d214,ca76c4eb-c639-48d1-9d23-30a01177839f
316,37230,06102023,05102023,0.07,135.45,0,2023-09-14 16:54:06.067004,0,2023-09-14 16:54:06.067004,53bd53f4-6511-4f60-be9b-869cfde6d214,9ed4a07a-b18c-4c24-a64a-bf2bc6590883
318,37232,06102023,05102023,2.98,6095.25,0,2023-09-14 16:55:01.550328,0,2023-09-14 16:55:01.550328,53bd53f4-6511-4f60-be9b-869cfde6d214,87185eb3-2be4-4b22-8f29-663cf74e9fe0
323,37241,06102023,05102023,1.15,2302.65,0,2023-09-15 08:48:46.168333,0,2023-09-15 08:48:46.168333,53bd53f4-6511-4f60-be9b-869cfde6d214,a7144c72-e176-4f64-b72f-24b10ccccd78
332,37346,06102023,05102023,0.27,406.35,0,2023-09-27 11:49:27.041279,0,2023-09-27 11:49:27.041279,53bd53f4-6511-4f60-be9b-869cfde6d214,c0c00420-bdc0-417f-913e-cd355dac13fa
337,37351,06102023,05102023,0.20,541.80,0,2023-09-27 11:51:06.999271,0,2023-09-27 11:51:06.999271,53bd53f4-6511-4f60-be9b-869cfde6d214,55c60d24-e2c7-4caf-bd41-a5afb9a07384
399,37967,3004537162,,0.31,620.08,0,2024-11-13 17:42:03.974426,0,2024-11-13 17:42:03.974426,,15573317-3fe2-417c-952b-26cf7273fbcb
311,37225,06102023,05102023,0.27,541.80,0,2023-09-14 11:08:40.100246,0,2023-09-14 11:08:40.100246,53bd53f4-6511-4f60-be9b-869cfde6d214,136335f4-54f5-429a-9f8b-6054554a97ed
387,37902,3003992479,,0.00,155.02,0,2024-09-30 15:42:15.989474,0,2024-09-30 15:42:15.989474,,02ddf688-8f76-4592-816f-5bdd22262a27
382,37788,3003926458,,0.00,135.16,0,2024-06-24 10:10:36.080032,0,2024-06-24 10:10:36.080032,,08179f08-02f2-4ea0-b3b0-a67cb4acc94c
398,37954,19112024,19112024,0.31,465.06,0,2024-10-31 16:15:13.397873,0,2024-10-31 16:15:13.397873,7071882b-8801-4923-9c93-90b7bf621354,96ed6804-13e7-4470-ab6c-045eba413405
397,37952,3004537162,3004537174,0.16,160.76,0,2024-10-30 16:05:48.340439,0,2024-10-30 16:05:48.340439,ddaa89bf-9626-4fc9-a799-553a123f0dc1,f0e08bbd-ee81-42e2-9c88-39022a782628
389,37933,3004537162,3004537174,0.56,1286.08,0,2024-10-15 16:59:36.571275,0,2024-10-15 16:59:36.571275,ddaa89bf-9626-4fc9-a799-553a123f0dc1,966f2513-7002-4422-84bf-74fb93c4750f
407,39386,,3004537174,0.09,0.00,0,2025-05-29 15:10:03.679227,0,2025-05-29 15:10:03.679227,ddaa89bf-9626-4fc9-a799-553a123f0dc1,
409,39391,3004537162,3004537174,0.81,1614.33,0,2025-06-23 15:04:05.56425,0,2025-06-23 15:04:05.56425,ddaa89bf-9626-4fc9-a799-553a123f0dc1,0293dabe-d9a0-4981-89bf-12b9321322ff
405,39341,3004537162,3004537174,0.10,195.11,0,2025-03-19 18:04:58.660606,0,2025-03-19 18:04:58.660606,ddaa89bf-9626-4fc9-a799-553a123f0dc1,ea607e17-e2fa-468e-b586-95ed9aad6cb8
404,39340,3004537162,3004537174,0.11,210.09,0,2025-03-19 18:00:43.607636,0,2025-03-19 18:00:43.607636,ddaa89bf-9626-4fc9-a799-553a123f0dc1,86290a4e-1199-46d0-bd9e-fe095e892b4d
403,39339,3004537162,3004537174,0.95,1890.81,0,2025-03-19 18:00:03.751591,0,2025-03-19 18:00:03.751591,ddaa89bf-9626-4fc9-a799-553a123f0dc1,7c8acf7b-d3da-453e-be93-849e4909c427
402,39274,3004537162,3004537174,1.11,2216.52,0,2024-12-13 12:38:23.963087,0,2024-12-13 12:38:23.963087,ddaa89bf-9626-4fc9-a799-553a123f0dc1,e180b92f-baba-4a9a-85af-12c735ccb652
401,39266,3004537162,3004537174,0.28,554.13,0,2024-12-11 10:45:23.861601,0,2024-12-11 10:45:23.861601,ddaa89bf-9626-4fc9-a799-553a123f0dc1,406a19d8-5457-4a61-ac5b-33b477beb7e8
400,39249,3004537162,3004537174,0.28,554.13,0,2024-12-02 08:34:23.643985,0,2024-12-02 08:34:23.643985,ddaa89bf-9626-4fc9-a799-553a123f0dc1,8b3ccbcc-f44f-4052-8c3b-31e2d9e65f5d
390,37934,3004537162,3004537174,0.72,1286.08,0,2024-10-15 17:00:46.384462,0,2024-10-15 17:00:46.384462,ddaa89bf-9626-4fc9-a799-553a123f0dc1,bf8328a2-2dcc-4880-8b05-6abed9fc7019
381,37781,3003926459,3003926467,0.64,1288.53,0,2024-06-18 17:56:51.298852,0,2024-06-18 17:56:51.298852,b570995c-3685-4158-af17-27bb48899b64,4ddcbcd0-4cce-4d12-beb1-21c3537a3d7c
368,37534,,3003872057,0.06,0.00,0,2024-02-27 14:48:35.852522,0,2024-02-27 14:48:35.852522,cf69a250-2ff1-4c6a-a5cf-8da2ff00a35c,
367,37533,3003872053,3003872057,0.68,1353.66,0,2024-02-27 14:47:41.192688,0,2024-02-27 14:47:41.192688,cf69a250-2ff1-4c6a-a5cf-8da2ff00a35c,562c24b3-8867-4fcd-9d5e-8f69df0cd9c9
356,37435,,3003784521,0.07,0.00,0,2023-11-09 11:29:58.773936,0,2023-11-09 11:29:58.773936,1e38f34f-db9b-4f42-b29d-e682370d32c4,
362,37459,3003784460,3003784521,0.85,1693.38,0,2023-11-30 09:01:23.149972,0,2023-11-30 09:01:23.149972,1e38f34f-db9b-4f42-b29d-e682370d32c4,f76891da-3de7-4425-9869-f0a0b6ddccaf
361,37455,3003784503,3003784521,0.54,1205.73,0,2023-11-27 16:50:23.155283,0,2023-11-27 16:50:23.155283,1e38f34f-db9b-4f42-b29d-e682370d32c4,a19d7c22-6615-4ded-ac3d-8d8f2a493e81
360,37452,3003784489,3003784521,0.47,937.79,0,2023-11-20 10:06:02.971432,0,2023-11-20 10:06:02.971432,1e38f34f-db9b-4f42-b29d-e682370d32c4,b843fd8b-c6b4-4cfd-a6f3-260104320845
359,37451,3003784487,3003784521,0.46,1042.08,0,2023-11-20 10:05:43.071032,0,2023-11-20 10:05:43.071032,1e38f34f-db9b-4f42-b29d-e682370d32c4,50a0d368-a5c7-42eb-b8d3-97114122c4d6
358,37450,3003784463,3003784521,0.26,390.78,0,2023-11-20 10:05:28.006573,0,2023-11-20 10:05:28.006573,1e38f34f-db9b-4f42-b29d-e682370d32c4,098539ee-bae1-4e15-8e57-9dbee4a510a7
353,37430,3003784483,3003784521,1.43,2995.98,0,2023-11-09 10:39:04.201839,0,2023-11-09 10:39:04.201839,1e38f34f-db9b-4f42-b29d-e682370d32c4,84f2db07-a6a5-4e1f-a444-400da95b99da
352,37429,3003784480,3003784521,0.59,1172.34,0,2023-11-09 10:38:18.869119,0,2023-11-09 10:38:18.869119,1e38f34f-db9b-4f42-b29d-e682370d32c4,1673bad0-4590-4b00-971f-514f310f23a8
351,37428,3003784477,3003784521,0.46,911.82,0,2023-11-09 10:37:23.895199,0,2023-11-09 10:37:23.895199,1e38f34f-db9b-4f42-b29d-e682370d32c4,29291020-52ff-4053-9f6f-27e45aabe905
350,37426,3003784495,3003784521,0.74,1339.70,0,2023-11-07 11:47:53.836268,0,2023-11-07 11:47:53.836268,1e38f34f-db9b-4f42-b29d-e682370d32c4,fa9db1ca-9d47-4f76-aad0-159251609299
349,37425,3003784492,3003784521,0.40,937.79,0,2023-11-07 11:47:08.87096,0,2023-11-07 11:47:08.87096,1e38f34f-db9b-4f42-b29d-e682370d32c4,e2506cd0-44d2-4f49-b9bc-d7447b466daa
348,37424,3003784498,3003784521,1.34,2679.40,0,2023-11-07 11:46:29.100971,0,2023-11-07 11:46:29.100971,1e38f34f-db9b-4f42-b29d-e682370d32c4,747d8403-c615-4596-908c-172a4f03e066
313,37227,06102023,05102023,0.14,135.45,0,2023-09-14 15:21:59.768634,0,2023-09-14 15:21:59.768634,53bd53f4-6511-4f60-be9b-869cfde6d214,5a680f9a-b26c-4e03-aa1b-59ccba57a78f
312,37226,06102023,05102023,4.40,8804.25,0,2023-09-14 11:39:10.630444,0,2023-09-14 11:39:10.630444,53bd53f4-6511-4f60-be9b-869cfde6d214,7b62f452-8f12-4ba5-adbe-7cc2008290ba
333,37347,06102023,05102023,0.20,541.80,0,2023-09-27 11:49:47.01116,0,2023-09-27 11:49:47.01116,53bd53f4-6511-4f60-be9b-869cfde6d214,93e22a1d-d2fb-406d-845c-371f78fa3509
334,37348,06102023,05102023,0.27,406.35,0,2023-09-27 11:50:12.018156,0,2023-09-27 11:50:12.018156,53bd53f4-6511-4f60-be9b-869cfde6d214,da5e9bb9-02fc-4596-9122-dec661f64c0c
335,37349,06102023,05102023,0.20,541.80,0,2023-09-27 11:50:32.003661,0,2023-09-27 11:50:32.003661,53bd53f4-6511-4f60-be9b-869cfde6d214,d7cd60b0-d11a-404d-aedb-dbbfbdcee450
336,37350,06102023,05102023,0.27,406.35,0,2023-09-27 11:50:46.995543,0,2023-09-27 11:50:46.995543,53bd53f4-6511-4f60-be9b-869cfde6d214,afa7684a-8db3-45cf-a23b-3ed4f648c39f
338,37352,06102023,05102023,1.56,3115.35,0,2023-09-27 11:51:27.14917,0,2023-09-27 11:51:27.14917,53bd53f4-6511-4f60-be9b-869cfde6d214,dd246c11-c52c-4925-9b02-b57aea266eda
306,37100,3003683445,3003683475,0.57,1135.28,0,2023-07-19 11:09:15.588075,0,2023-07-19 11:09:15.588075,105070ea-9803-427a-a0ab-0349163ccf93,5e8addac-e4d9-4b93-ae7f-350d6fc04410
305,37096,3003683452,3003683475,0.30,608.76,0,2023-07-14 14:58:05.564989,0,2023-07-14 14:58:05.564989,105070ea-9803-427a-a0ab-0349163ccf93,2bb3c15c-0ae2-41ea-b05b-d386bfebb0e2
304,37074,3003683448,3003683475,0.07,141.91,0,2023-07-07 10:34:30.506069,0,2023-07-07 10:34:30.506069,105070ea-9803-427a-a0ab-0349163ccf93,4d9f0a7a-e196-482c-8cbf-4c83867c7f7d
411,39427,,,0.10,0.00,0,2025-07-17 15:16:04.697185,0,2025-07-17 15:16:04.697185,,
412,39428,,,0.00,191.68,0,2025-07-17 15:24:09.632099,0,2025-07-17 15:24:09.632099,,
413,39434,,,0.10,0.00,0,2025-07-22 14:57:29.683649,0,2025-07-22 14:57:29.683649,,
414,39435,,,0.19,191.68,0,2025-07-22 15:01:09.672221,0,2025-07-22 15:01:09.672221,,
357,37449,3004551358,3003784521,0.26,651.30,0,2023-11-20 10:05:08.537693,0,2023-11-20 10:05:08.537693,1e38f34f-db9b-4f42-b29d-e682370d32c4,86b1a258-70d1-4de1-8d06-511784d96718
355,37431,3004551361,3003784521,0.33,651.30,0,2023-11-09 10:51:08.838022,0,2023-11-09 10:51:08.838022,1e38f34f-db9b-4f42-b29d-e682370d32c4,c8c7d99e-9dcc-48d7-bc5b-c66d9ecea856
415,39441,,,0.00,152.19,0,2025-12-02 12:13:07.116095,0,2025-12-02 12:13:07.116095,,
