id,certificate_order_id
1,1
2,2
3,3
4,4
5,5
6,6
7,7
8,8
9,9
10,10
11,11
12,12
13,13
14,14
15,15
16,16
17,17
18,18
19,19
20,20
21,21
22,22
23,23
24,24
25,25
26,26
27,27
28,28
29,29
30,30
31,31
32,32
33,33
34,34
35,35
36,36
37,37
38,38
39,39
40,40
41,41
42,42
43,43
44,44
45,45
46,46
47,47
48,48
49,49
50,50
51,51
52,52
53,53
54,54
55,55
56,56
57,57
58,58
59,59
60,60
61,61
62,62
63,63
64,64
65,65
66,66
67,67
68,68
69,69
70,70
71,71
72,72
73,73
74,74
75,75
76,76
77,77
78,78
79,79
80,80
81,81
82,82
83,83
84,84
85,85
86,86
87,87
88,88
89,89
90,90
91,91
92,92
93,93
94,94
95,95
96,96
97,97
98,98
99,99
100,100
101,101
102,102
103,103
104,104
105,105
106,106
107,107
108,108
109,109
110,110
111,111
112,112
113,113
114,114
115,115
116,116
117,117
118,118
119,119
120,120
121,121
122,122
123,123
124,124
125,125
126,126
127,127
128,128
129,129
130,130
131,131
132,132
136,133
139,134
141,135
143,136
144,137
150,138
151,139
152,140
153,141
154,142
155,143
156,144
157,145
158,146
159,147
160,148
161,149
162,150
163,151
164,152
165,153
166,154
167,155
168,156
169,157
170,158
171,159
172,160
177,161
178,162
179,163
180,164
181,165
182,166
183,167
184,168
185,169
186,170
187,171
188,172
189,173
190,174
191,175
192,176
193,177
194,178
195,179
196,180
197,181
200,182
201,183
202,184
203,185
204,186
205,187
206,188
207,189
212,190
213,191
214,192
215,193
216,194
217,195
222,196
225,197
226,198
227,199
228,200
229,201
232,202
233,203
234,204
235,205
236,206
237,207
238,208
239,209
240,210
241,211
242,212
245,213
249,214
250,215
251,216
259,217
260,218
261,219
262,220
267,221
268,222
269,223
270,224
277,225
278,226
279,227
280,228
281,229
282,230
283,231
286,232
287,233
288,234
289,235
290,236
293,237
294,238
295,239
302,240
303,241
304,242
312,243
313,244
314,245
318,246
319,247
320,248
322,249
323,250
324,251
385,252
386,253
387,254
388,255
389,256
390,257
391,258
392,259
412,260
413,261
414,262
420,263
421,264
422,265
430,266
431,267
432,268
439,269
440,270
452,271
453,272
454,273
455,274
458,275
459,276
471,277
472,278
473,279
482,280
483,281
491,282
492,283
498,284
516,305
517,304
518,303
519,302
520,301
521,300
522,299
523,298
524,297
525,296
526,295
527,294
528,293
529,292
530,291
531,290
532,289
533,288
534,287
535,286
545,307
550,311
551,285
552,312
558,313
569,315
573,317
576,318
581,322
582,321
583,320
584,323
594,326
595,325
596,324
597,327
602,328
606,329
607,331
611,332
612,333
616,336
617,334
618,338
619,335
621,341
622,339
623,340
626,344
633,347
643,356
644,355
646,365
647,363
648,362
649,361
650,360
651,357
652,346
653,371
654,370
655,369
656,368
657,367
658,366
659,364
660,372
662,383
663,382
664,381
665,380
666,379
667,378
668,377
669,376
670,375
674,374
679,384
680,373
681,385
682,386
683,387
684,388
685,389
686,390
687,391
688,392
689,393
690,394
691,395
692,397
693,396
694,398
695,399
702,401
703,406
706,411
707,412
708,413
709,414
712,415
713,416
714,417
715,419
721,420
723,426
724,425
725,424
726,423
727,422
728,428
729,432
730,431
732,434
733,438
734,437
735,436
736,435
737,440
739,439
741,441
742,433
743,442
744,448
745,449
746,447
747,446
748,445
749,444
750,443
758,451
760,450
761,452
766,454
767,453
768,463
769,461
770,459
771,460
772,462
773,458
774,457
778,465
779,467
781,466
782,464
784,471
785,472
786,473
787,474
790,478
797,456
800,479
801,480
802,477
810,483
812,484
813,485
815,482
816,481
817,476
818,475
825,468
826,469
827,488
828,487
829,486
831,489
835,492
839,493
840,494
841,495
842,496
844,497
847,498
852,499
854,504
855,505
857,508
858,510
861,470
863,502
864,503
865,509
866,512
867,513
868,522
869,521
870,520
871,519
872,518
873,525
874,524
892,526
893,527
896,523
908,543
909,542
910,541
911,540
912,539
913,538
914,537
915,536
916,535
917,534
918,533
919,532
920,531
921,530
922,529
923,528
924,547
925,545
926,544
927,549
928,548
932,517
933,550
936,551
937,552
938,546
939,553
942,555
943,562
945,559
946,560
947,561
948,557
949,564
950,556
954,565
961,566
962,567
963,568
968,569
969,570
971,573
972,572
975,571
976,575
977,574
980,578
981,577
982,576
983,579
986,580
988,581
989,582
990,583
991,584
992,585
993,586
994,587
995,589
996,588
999,603
1000,602
1001,601
1002,600
1003,599
1004,598
1005,597
1006,596
1007,595
1008,594
1009,593
1010,592
1011,590
1012,591
1014,607
1015,606
1016,605
1017,604
1018,609
1020,608
1021,613
1023,617
1024,616
1025,615
1026,614
1027,612
1028,620
1030,622
1031,623
1032,621
1033,624
1034,628
1035,629
1036,632
1038,627
1039,626
1042,625
1043,634
1044,636
1046,640
1049,635
1050,633
1052,641
1053,642
1054,637
1056,639
1057,644
1058,638
1059,643
1068,647
1070,650
1074,651
1075,652
1077,654
1078,658
1079,657
1080,655
1081,646
1082,656
1083,661
1084,659
1085,662
1086,660
1087,666
1088,667
1093,669
1094,670
1095,675
1096,672
1097,679
1100,676
1101,681
1102,685
1104,684
1105,673
1112,686
1114,689
1116,688
1117,682
1119,690
1120,691
1123,694
1124,698
1125,697
1126,696
1127,695
1130,699
1131,701
1132,702
1133,703
1139,704
1141,708
1142,707
1143,709
1145,687
1146,710
1148,705
1149,714
1150,711
1151,716
1153,717
1154,718
1155,719
1156,715
1157,720
1158,721
1159,722
1160,724
1161,725
1162,726
1163,727
1164,729
1165,731
1166,733
1167,736
1168,739
1170,740
1174,738
1175,735
1176,734
1177,742
1178,745
1179,741
1184,758
1185,757
1188,756
1189,755
1190,752
1192,759
1193,762
1194,751
1196,760
